{"type":"FeatureCollection","features":[{"type":"Feature","geometry":{"type":"Polygon","coordinates":[[[95.234,26.682],[95.21,26.731],[95.229,26.785],[95.182,26.861],[95.23,26.884],[95.195,27.031],[95.246,27.024],[95.458,27.138],[95.456,27.204],[95.507,27.26],[95.587,27.223],[95.794,27.282],[95.894,27.257],[96.018,27.37],[95.941,27.437],[95.842,27.427],[95.876,27.547],[95.792,27.598],[95.754,27.726],[95.97,27.963],[95.605,27.955],[95.522,27.883],[95.379,27.839],[95.309,27.868],[95.033,27.784],[94.462,27.555],[94.418,27.598],[94.37,27.575],[94.276,27.59],[94.262,27.636],[94.237,27.632],[94.224,27.577],[94.268,27.521],[94.164,27.477],[93.991,27.328],[93.805,27.148],[93.836,27.074],[93.657,26.966],[93.489,26.936],[93.324,26.96],[93.021,26.914],[92.884,27.0],[92.677,27.032],[92.589,26.962],[92.447,26.959],[92.398,26.925],[92.195,26.89],[92.112,26.892],[92.104,27.007],[92.028,27.078],[92.026,27.171],[92.071,27.223],[92.041,27.261],[92.12,27.275],[92.06,27.327],[92.02,27.479],[91.775,27.464],[91.692,27.503],[91.655,27.483],[91.564,27.584],[91.56,27.633],[91.626,27.706],[91.631,27.801],[91.548,27.847],[91.672,27.857],[91.712,27.813],[91.83,27.807],[91.863,27.737],[91.921,27.715],[91.986,27.77],[92.057,27.759],[92.202,27.857],[92.269,27.854],[92.309,27.779],[92.415,27.823],[92.456,27.803],[92.494,27.836],[92.562,27.82],[92.741,27.989],[92.665,28.062],[92.682,28.118],[92.802,28.202],[92.841,28.179],[92.966,28.261],[93.002,28.23],[93.036,28.263],[93.024,28.3],[93.209,28.323],[93.233,28.4],[93.185,28.44],[93.278,28.504],[93.335,28.633],[93.448,28.676],[93.476,28.653],[93.498,28.684],[93.609,28.655],[93.734,28.689],[93.777,28.668],[93.846,28.707],[93.936,28.676],[94.003,28.775],[93.997,28.841],[94.157,28.954],[94.217,29.084],[94.29,29.148],[94.366,29.157],[94.434,29.227],[94.56,29.229],[94.631,29.348],[94.769,29.252],[94.8,29.164],[94.874,29.184],[95.013,29.132],[95.007,29.17],[95.123,29.115],[95.252,29.109],[95.268,29.056],[95.455,29.035],[95.505,29.141],[95.548,29.127],[95.539,29.207],[95.587,29.216],[95.6,29.26],[95.633,29.248],[95.779,29.355],[95.804,29.338],[95.882,29.39],[95.958,29.381],[96.082,29.462],[96.176,29.362],[96.235,29.241],[96.294,29.233],[96.364,29.283],[96.393,29.254],[96.347,29.168],[96.261,29.157],[96.125,29.078],[96.185,28.985],[96.145,28.934],[96.166,28.903],[96.347,29.029],[96.525,29.076],[96.477,28.99],[96.521,28.961],[96.615,28.76],[96.585,28.717],[96.47,28.68],[96.494,28.639],[96.323,28.526],[96.366,28.475],[96.266,28.405],[96.369,28.389],[96.398,28.339],[96.457,28.414],[96.663,28.46],[96.755,28.41],[96.772,28.368],[96.896,28.38],[96.994,28.31],[97.09,28.363],[97.167,28.295],[97.279,28.269],[97.397,28.192],[97.328,28.155],[97.336,28.111],[97.307,28.085],[97.408,28.006],[97.374,27.977],[97.385,27.887],[97.317,27.881],[97.305,27.921],[97.253,27.901],[97.099,27.785],[97.089,27.735],[97.022,27.742],[96.977,27.664],[96.893,27.616],[96.928,27.512],[96.903,27.454],[97.162,27.123],[97.138,27.091],[97.062,27.099],[96.901,27.169],[96.857,27.192],[96.884,27.26],[96.797,27.346],[96.606,27.366],[96.518,27.286],[96.307,27.294],[96.089,27.22],[96.022,27.18],[95.946,27.051],[95.802,27.015],[95.723,26.881],[95.667,26.903],[95.6,26.811],[95.543,26.835],[95.395,26.685],[95.304,26.651],[95.234,26.682]]]},"properties":{"ST_NM":"Arunachal Pradesh"}},{"type":"Feature","geometry":{"type":"Polygon","coordinates":[[[95.195,27.031],[95.017,26.921],[94.891,26.93],[94.8,26.8],[94.694,26.733],[94.597,26.735],[94.59,26.697],[94.539,26.706],[94.46,26.661],[94.404,26.612],[94.403,26.545],[94.315,26.458],[94.281,26.549],[94.256,26.541],[94.185,26.459],[94.172,26.338],[94.1,26.314],[94.008,26.183],[93.954,25.969],[93.979,25.917],[93.79,25.811],[93.787,25.947],[93.681,25.904],[93.702,25.852],[93.542,25.731],[93.506,25.664],[93.327,25.545],[93.455,25.434],[93.47,25.305],[93.386,25.243],[93.332,25.094],[93.242,25.004],[93.262,24.969],[93.191,24.804],[93.105,24.792],[93.071,24.6],[93.092,24.581],[93.062,24.576],[93.037,24.51],[93.042,24.413],[92.907,24.411],[92.826,24.376],[92.764,24.521],[92.69,24.354],[92.623,24.332],[92.612,24.254],[92.551,24.247],[92.524,24.172],[92.465,24.136],[92.419,24.193],[92.422,24.255],[92.206,24.238],[92.26,24.359],[92.212,24.504],[92.296,24.737],[92.237,24.903],[92.299,24.916],[92.387,24.851],[92.476,24.868],[92.488,24.944],[92.418,24.966],[92.481,25.109],[92.539,25.101],[92.525,25.135],[92.622,25.116],[92.658,25.172],[92.801,25.22],[92.762,25.247],[92.792,25.284],[92.782,25.333],[92.652,25.429],[92.609,25.414],[92.6,25.465],[92.564,25.474],[92.643,25.535],[92.653,25.591],[92.585,25.551],[92.553,25.615],[92.506,25.616],[92.44,25.692],[92.444,25.72],[92.373,25.75],[92.225,25.716],[92.164,25.667],[92.151,25.816],[92.22,25.9],[92.157,25.915],[92.152,25.944],[92.263,26.033],[92.258,26.064],[92.169,26.078],[92.132,26.044],[91.989,26.038],[91.92,25.998],[91.874,26.037],[91.879,26.098],[91.821,26.118],[91.733,26.061],[91.72,25.954],[91.671,25.904],[91.621,25.932],[91.635,26.013],[91.58,26.033],[91.469,25.859],[91.336,25.841],[91.222,25.723],[91.178,25.777],[91.203,25.844],[91.002,25.825],[91.03,25.886],[90.966,25.889],[90.94,25.947],[90.809,25.948],[90.764,25.908],[90.688,25.949],[90.625,25.898],[90.624,25.939],[90.585,25.957],[90.508,25.902],[90.535,25.95],[90.497,25.997],[90.4,26.013],[90.284,25.963],[90.117,25.957],[89.951,25.821],[89.955,25.768],[89.9,25.747],[89.953,25.654],[90.02,25.608],[89.878,25.55],[89.871,25.476],[89.848,25.479],[89.881,25.629],[89.817,25.815],[89.887,25.945],[89.848,25.943],[89.842,25.97],[89.873,25.976],[89.703,26.177],[89.734,26.293],[89.856,26.385],[89.862,26.737],[90.14,26.754],[90.195,26.774],[90.231,26.859],[90.3,26.848],[90.357,26.901],[90.418,26.904],[90.546,26.817],[90.717,26.768],[91.054,26.781],[91.098,26.822],[91.337,26.781],[91.408,26.84],[91.495,26.791],[91.69,26.807],[91.893,26.919],[92.056,26.847],[92.112,26.892],[92.589,26.962],[92.677,27.032],[92.884,27.0],[93.021,26.914],[93.324,26.96],[93.587,26.951],[93.836,27.074],[93.805,27.148],[94.164,27.477],[94.268,27.521],[94.224,27.577],[94.237,27.632],[94.262,27.636],[94.276,27.59],[94.37,27.575],[94.418,27.598],[94.462,27.555],[95.033,27.784],[95.309,27.868],[95.379,27.839],[95.522,27.883],[95.605,27.955],[95.97,27.963],[95.754,27.726],[95.792,27.598],[95.876,27.547],[95.842,27.427],[95.941,27.437],[96.018,27.37],[95.894,27.257],[95.794,27.282],[95.587,27.223],[95.507,27.26],[95.456,27.204],[95.458,27.138],[95.246,27.024],[95.195,27.031]]]},"properties":{"ST_NM":"Assam"}},{"type":"Feature","geometry":{"type":"Polygon","coordinates":[[[76.838,30.755],[76.849,30.723],[76.809,30.667],[76.752,30.685],[76.712,30.762],[76.771,30.795],[76.838,30.755]]]},"properties":{"ST_NM":"Chandigarh"}},{"type":"Feature","geometry":{"type":"Polygon","coordinates":[[[77.551,18.292],[77.605,18.281],[77.573,18.239],[77.602,18.106],[77.548,18.065],[77.554,18.036],[77.648,17.999],[77.656,17.97],[77.515,17.804],[77.569,17.749],[77.452,17.695],[77.444,17.584],[77.507,17.542],[77.528,17.575],[77.594,17.565],[77.596,17.537],[77.692,17.502],[77.689,17.475],[77.513,17.431],[77.532,17.375],[77.454,17.374],[77.458,17.281],[77.38,17.223],[77.395,17.196],[77.362,17.164],[77.465,17.108],[77.502,17.009],[77.454,16.914],[77.475,16.781],[77.441,16.786],[77.427,16.729],[77.474,16.717],[77.464,16.676],[77.419,16.669],[77.444,16.639],[77.475,16.652],[77.468,16.61],[77.404,16.572],[77.417,16.517],[77.244,16.463],[77.35,16.384],[77.49,16.385],[77.588,16.333],[77.582,16.291],[77.49,16.255],[77.513,15.927],[77.185,15.957],[77.103,15.929],[77.035,15.861],[77.025,15.838],[77.063,15.83],[77.049,15.73],[77.129,15.666],[77.121,15.631],[77.083,15.659],[77.03,15.635],[77.029,15.5],[76.975,15.511],[76.977,15.49],[77.032,15.436],[77.045,15.356],[77.152,15.292],[77.168,15.259],[77.125,15.227],[77.169,15.171],[77.082,15.006],[77.044,15.01],[77.05,15.033],[76.878,15.035],[76.786,15.088],[76.767,14.975],[76.867,14.97],[76.87,14.938],[76.851,14.809],[76.783,14.786],[76.803,14.742],[76.765,14.602],[76.868,14.474],[76.975,14.485],[76.948,14.413],[76.885,14.396],[76.885,14.348],[76.957,14.294],[76.925,14.274],[76.94,14.245],[77.115,14.223],[77.116,14.292],[77.167,14.342],[77.246,14.317],[77.287,14.34],[77.289,14.281],[77.364,14.276],[77.393,14.199],[77.418,14.209],[77.394,14.337],[77.504,14.264],[77.504,14.157],[77.394,14.174],[77.357,14.13],[77.398,14.11],[77.332,14.031],[77.438,13.976],[77.405,13.889],[77.354,13.904],[77.361,13.991],[77.322,14.03],[77.141,14.004],[77.132,14.044],[77.032,14.057],[77.026,14.175],[76.948,14.198],[76.895,14.168],[76.89,14.136],[76.973,14.084],[76.935,14.033],[77.042,13.933],[76.978,13.827],[76.997,13.748],[77.016,13.738],[77.024,13.779],[77.065,13.744],[77.173,13.762],[77.165,13.833],[77.132,13.846],[77.169,13.865],[77.185,13.925],[77.181,13.87],[77.248,13.901],[77.257,13.847],[77.316,13.863],[77.325,13.833],[77.362,13.854],[77.428,13.833],[77.417,13.811],[77.461,13.803],[77.471,13.758],[77.455,13.682],[77.492,13.69],[77.485,13.715],[77.528,13.693],[77.541,13.756],[77.559,13.723],[77.624,13.735],[77.651,13.784],[77.715,13.744],[77.732,13.808],[77.837,13.87],[77.827,13.945],[77.896,13.941],[77.927,13.905],[77.988,13.956],[77.956,13.831],[77.992,13.869],[78.046,13.862],[78.049,13.896],[78.115,13.863],[78.126,13.788],[78.092,13.742],[78.121,13.716],[78.066,13.676],[78.099,13.643],[78.169,13.654],[78.204,13.628],[78.203,13.569],[78.244,13.598],[78.402,13.587],[78.369,13.373],[78.408,13.346],[78.401,13.316],[78.44,13.328],[78.527,13.268],[78.578,13.295],[78.577,13.172],[78.517,13.13],[78.514,13.062],[78.462,13.043],[78.467,12.975],[78.435,12.981],[78.412,12.944],[78.468,12.879],[78.35,12.936],[78.312,12.859],[78.252,12.861],[78.231,12.761],[78.134,12.782],[78.031,12.853],[78.007,12.809],[77.953,12.85],[77.941,12.823],[77.917,12.838],[77.929,12.891],[77.836,12.87],[77.799,12.852],[77.794,12.758],[77.74,12.674],[77.599,12.667],[77.579,12.573],[77.615,12.504],[77.584,12.479],[77.635,12.487],[77.62,12.383],[77.551,12.291],[77.479,12.271],[77.472,12.21],[77.731,12.18],[77.776,12.119],[77.669,11.949],[77.493,11.941],[77.428,11.767],[77.25,11.813],[77.111,11.774],[77.105,11.733],[77.013,11.815],[76.97,11.777],[76.909,11.795],[76.835,11.64],[76.856,11.599],[76.614,11.608],[76.57,11.618],[76.512,11.705],[76.457,11.665],[76.417,11.672],[76.411,11.758],[76.34,11.739],[76.28,11.812],[76.227,11.806],[76.19,11.871],[76.12,11.85],[76.112,11.979],[76.003,11.931],[75.859,11.959],[75.803,12.08],[75.667,12.097],[75.621,12.155],[75.577,12.157],[75.485,12.29],[75.433,12.293],[75.422,12.373],[75.366,12.412],[75.371,12.457],[75.423,12.467],[75.418,12.498],[75.382,12.502],[75.359,12.464],[75.28,12.524],[75.272,12.57],[75.326,12.583],[75.298,12.607],[75.276,12.62],[75.22,12.568],[75.202,12.629],[75.144,12.642],[75.161,12.673],[75.105,12.698],[75.042,12.672],[75.05,12.719],[74.982,12.738],[75.002,12.792],[74.882,12.754],[74.846,12.796],[74.7,13.343],[74.609,13.861],[74.515,13.987],[74.395,14.419],[74.355,14.509],[74.316,14.519],[74.263,14.72],[74.151,14.75],[74.095,14.8],[74.125,14.837],[74.086,14.901],[74.162,14.912],[74.163,14.958],[74.2,14.926],[74.252,14.959],[74.297,15.041],[74.273,15.098],[74.314,15.18],[74.252,15.251],[74.336,15.296],[74.251,15.492],[74.279,15.518],[74.252,15.654],[74.103,15.672],[74.209,15.781],[74.286,15.742],[74.359,15.776],[74.383,15.849],[74.346,15.862],[74.38,15.876],[74.398,15.851],[74.387,15.905],[74.463,16.04],[74.369,16.039],[74.372,16.078],[74.429,16.112],[74.491,16.104],[74.503,16.225],[74.416,16.28],[74.321,16.284],[74.319,16.372],[74.363,16.398],[74.335,16.401],[74.291,16.505],[74.261,16.48],[74.264,16.54],[74.306,16.504],[74.318,16.554],[74.379,16.528],[74.397,16.583],[74.464,16.604],[74.455,16.647],[74.545,16.635],[74.569,16.554],[74.636,16.584],[74.689,16.617],[74.657,16.643],[74.691,16.716],[74.92,16.773],[74.902,16.863],[74.961,16.881],[74.938,16.944],[75.089,16.952],[75.137,16.874],[75.228,16.843],[75.282,16.88],[75.28,16.957],[75.466,16.988],[75.489,16.944],[75.563,16.968],[75.567,17.009],[75.646,16.954],[75.675,16.966],[75.67,17.038],[75.641,17.038],[75.677,17.065],[75.672,17.116],[75.628,17.163],[75.662,17.215],[75.654,17.274],[75.604,17.306],[75.574,17.383],[75.609,17.394],[75.633,17.477],[75.691,17.409],[75.731,17.42],[75.804,17.368],[75.822,17.421],[75.857,17.387],[75.894,17.401],[75.89,17.361],[75.934,17.323],[76.01,17.352],[76.087,17.336],[76.12,17.37],[76.163,17.345],[76.165,17.303],[76.17,17.352],[76.244,17.379],[76.276,17.335],[76.345,17.354],[76.354,17.314],[76.383,17.315],[76.409,17.371],[76.363,17.378],[76.372,17.436],[76.333,17.434],[76.331,17.47],[76.368,17.483],[76.332,17.596],[76.42,17.604],[76.429,17.645],[76.487,17.658],[76.487,17.715],[76.524,17.715],[76.531,17.758],[76.563,17.765],[76.587,17.707],[76.612,17.77],[76.691,17.684],[76.728,17.737],[76.721,17.788],[76.783,17.807],[76.741,17.895],[76.808,17.871],[76.919,17.916],[76.906,18.01],[76.952,18.04],[76.966,18.098],[76.921,18.118],[76.952,18.188],[77.113,18.157],[77.098,18.193],[77.14,18.208],[77.175,18.285],[77.209,18.288],[77.242,18.413],[77.327,18.452],[77.414,18.393],[77.366,18.307],[77.428,18.312],[77.465,18.263],[77.509,18.304],[77.551,18.292]]]},"properties":{"ST_NM":"Karnataka"}},{"type":"Feature","geometry":{"type":"Polygon","coordinates":[[[94.675,25.446],[94.576,25.214],[94.741,25.127],[94.714,24.936],[94.632,24.839],[94.605,24.716],[94.545,24.71],[94.515,24.611],[94.454,24.565],[94.426,24.482],[94.398,24.482],[94.408,24.44],[94.322,24.329],[94.255,24.082],[94.144,23.836],[94.096,23.889],[93.944,23.946],[93.82,23.924],[93.758,24.003],[93.624,24.011],[93.607,23.972],[93.56,23.982],[93.5,23.945],[93.398,24.085],[93.343,24.092],[93.326,24.049],[93.257,24.025],[93.25,24.08],[93.22,24.083],[93.212,24.049],[93.14,24.085],[93.097,24.049],[93.078,24.102],[92.991,24.116],[93.04,24.343],[93.009,24.412],[93.042,24.413],[93.037,24.51],[93.062,24.576],[93.092,24.581],[93.071,24.6],[93.105,24.792],[93.191,24.804],[93.262,24.969],[93.242,25.004],[93.332,25.094],[93.354,25.187],[93.47,25.305],[93.454,25.325],[93.501,25.244],[93.547,25.248],[93.605,25.199],[93.687,25.357],[93.805,25.463],[93.801,25.496],[93.758,25.505],[93.767,25.534],[93.834,25.561],[93.955,25.55],[94.022,25.59],[94.137,25.518],[94.192,25.549],[94.222,25.491],[94.319,25.503],[94.418,25.538],[94.425,25.587],[94.506,25.614],[94.572,25.692],[94.554,25.503],[94.675,25.446]]]},"properties":{"ST_NM":"Manipur"}},{"type":"Feature","geometry":{"type":"Polygon","coordinates":[[[92.425,25.03],[92.075,25.186],[91.747,25.172],[91.642,25.124],[91.603,25.174],[91.471,25.136],[91.265,25.207],[90.869,25.16],[90.79,25.182],[90.689,25.161],[90.665,25.185],[90.445,25.144],[90.332,25.192],[90.112,25.224],[89.972,25.301],[89.835,25.296],[89.816,25.389],[89.871,25.476],[89.878,25.55],[90.02,25.608],[89.953,25.654],[89.9,25.747],[89.955,25.768],[89.951,25.821],[90.117,25.957],[90.284,25.963],[90.4,26.013],[90.497,25.997],[90.535,25.95],[90.508,25.902],[90.585,25.957],[90.624,25.939],[90.625,25.898],[90.688,25.949],[90.764,25.908],[90.809,25.948],[90.94,25.947],[90.966,25.889],[91.03,25.886],[91.002,25.825],[91.203,25.844],[91.178,25.777],[91.222,25.723],[91.336,25.841],[91.469,25.859],[91.58,26.033],[91.635,26.013],[91.621,25.932],[91.671,25.904],[91.72,25.954],[91.733,26.061],[91.821,26.118],[91.879,26.098],[91.874,26.037],[91.92,25.998],[91.989,26.038],[92.132,26.044],[92.169,26.078],[92.27,26.048],[92.152,25.944],[92.157,25.915],[92.22,25.9],[92.151,25.816],[92.164,25.667],[92.225,25.716],[92.415,25.741],[92.585,25.551],[92.653,25.591],[92.643,25.535],[92.564,25.474],[92.6,25.465],[92.609,25.414],[92.652,25.429],[92.782,25.333],[92.792,25.284],[92.762,25.247],[92.801,25.22],[92.658,25.172],[92.622,25.116],[92.525,25.135],[92.539,25.101],[92.481,25.109],[92.46,25.037],[92.425,25.03]]]},"properties":{"ST_NM":"Meghalaya"}},{"type":"Feature","geometry":{"type":"Polygon","coordinates":[[[93.009,24.412],[93.04,24.343],[92.991,24.116],[93.078,24.102],[93.097,24.049],[93.14,24.085],[93.212,24.049],[93.22,24.083],[93.25,24.08],[93.257,24.025],[93.326,24.049],[93.333,23.979],[93.393,23.921],[93.392,23.757],[93.436,23.678],[93.388,23.449],[93.402,23.39],[93.355,23.352],[93.387,23.144],[93.294,23.007],[93.241,23.007],[93.183,23.06],[93.127,23.044],[93.155,22.918],[93.094,22.806],[93.091,22.704],[93.14,22.593],[93.109,22.525],[93.185,22.428],[93.199,22.256],[93.142,22.246],[93.151,22.176],[93.042,22.199],[93.057,22.122],[93.005,22.105],[93.003,21.983],[92.956,22.03],[92.903,21.941],[92.857,22.067],[92.725,22.148],[92.692,22.134],[92.68,22.012],[92.635,21.984],[92.599,22.006],[92.562,22.128],[92.61,22.135],[92.609,22.165],[92.522,22.56],[92.518,22.717],[92.478,22.751],[92.463,22.855],[92.372,22.937],[92.392,23.057],[92.347,23.237],[92.4,23.236],[92.274,23.648],[92.292,23.682],[92.257,23.813],[92.324,23.905],[92.332,24.152],[92.292,24.25],[92.422,24.255],[92.419,24.193],[92.465,24.136],[92.524,24.172],[92.551,24.247],[92.612,24.254],[92.623,24.332],[92.69,24.354],[92.764,24.521],[92.826,24.376],[93.009,24.412]]]},"properties":{"ST_NM":"Mizoram"}},{"type":"Feature","geometry":{"type":"Polygon","coordinates":[[[95.195,27.031],[95.23,26.884],[95.182,26.861],[95.229,26.785],[95.21,26.731],[95.234,26.682],[95.149,26.616],[95.062,26.45],[95.132,26.378],[95.118,26.101],[95.186,26.073],[95.013,25.898],[95.049,25.76],[94.925,25.65],[94.882,25.59],[94.897,25.571],[94.847,25.562],[94.784,25.481],[94.675,25.446],[94.616,25.462],[94.554,25.503],[94.572,25.692],[94.506,25.614],[94.425,25.587],[94.418,25.538],[94.319,25.503],[94.222,25.491],[94.192,25.549],[94.137,25.518],[94.022,25.59],[93.955,25.55],[93.834,25.561],[93.767,25.534],[93.758,25.505],[93.801,25.496],[93.805,25.463],[93.687,25.357],[93.605,25.199],[93.547,25.248],[93.501,25.244],[93.454,25.325],[93.455,25.434],[93.327,25.545],[93.506,25.664],[93.542,25.731],[93.702,25.852],[93.681,25.904],[93.787,25.947],[93.79,25.811],[93.979,25.917],[93.954,25.969],[94.008,26.183],[94.1,26.314],[94.172,26.338],[94.185,26.459],[94.256,26.541],[94.281,26.549],[94.315,26.458],[94.403,26.545],[94.404,26.612],[94.46,26.661],[94.539,26.706],[94.59,26.697],[94.597,26.735],[94.694,26.733],[94.8,26.8],[94.891,26.93],[95.017,26.921],[95.195,27.031]]]},"properties":{"ST_NM":"Nagaland"}},{"type":"Feature","geometry":{"type":"Polygon","coordinates":[[[76.777,30.904],[76.857,30.795],[76.838,30.755],[76.771,30.795],[76.713,30.741],[76.752,30.685],[76.874,30.674],[76.926,30.61],[76.896,30.538],[76.931,30.501],[76.886,30.43],[76.939,30.395],[76.898,30.359],[76.851,30.435],[76.735,30.419],[76.713,30.388],[76.748,30.353],[76.623,30.265],[76.557,30.262],[76.566,30.232],[76.603,30.252],[76.621,30.205],[76.653,30.201],[76.6,30.184],[76.64,30.15],[76.599,30.113],[76.553,30.122],[76.575,30.102],[76.547,30.076],[76.463,30.101],[76.422,30.192],[76.387,30.171],[76.399,30.116],[76.35,30.147],[76.34,30.099],[76.227,30.145],[76.249,30.085],[76.178,29.942],[76.186,29.892],[76.244,29.852],[76.129,29.797],[76.105,29.812],[76.043,29.743],[75.87,29.749],[75.835,29.814],[75.779,29.822],[75.721,29.813],[75.703,29.752],[75.678,29.776],[75.572,29.743],[75.462,29.808],[75.296,29.625],[75.309,29.561],[75.242,29.546],[75.235,29.602],[75.168,29.667],[75.242,29.755],[75.21,29.833],[75.164,29.824],[75.151,29.776],[75.101,29.807],[75.115,29.879],[75.089,29.917],[75.07,29.877],[74.99,29.868],[74.923,29.952],[74.806,29.992],[74.702,29.972],[74.647,29.904],[74.527,29.943],[73.896,29.974],[73.904,30.05],[73.971,30.125],[73.962,30.263],[73.88,30.36],[73.965,30.425],[73.937,30.436],[73.935,30.49],[73.964,30.456],[73.993,30.514],[74.072,30.523],[74.105,30.619],[74.265,30.725],[74.261,30.77],[74.303,30.782],[74.325,30.85],[74.37,30.857],[74.366,30.893],[74.546,30.992],[74.574,31.057],[74.671,31.054],[74.702,31.092],[74.659,31.134],[74.601,31.132],[74.601,31.088],[74.551,31.087],[74.548,31.122],[74.51,31.132],[74.552,31.364],[74.596,31.416],[74.654,31.428],[74.581,31.507],[74.613,31.527],[74.61,31.569],[74.487,31.715],[74.559,31.758],[74.571,31.837],[74.677,31.926],[74.819,31.959],[74.875,32.051],[74.927,32.066],[75.012,32.036],[75.261,32.102],[75.31,32.196],[75.374,32.241],[75.372,32.28],[75.321,32.297],[75.341,32.346],[75.466,32.327],[75.533,32.278],[75.56,32.357],[75.724,32.41],[75.73,32.453],[75.834,32.512],[75.932,32.399],[75.874,32.396],[75.773,32.29],[75.618,32.237],[75.625,32.19],[75.663,32.192],[75.673,32.159],[75.594,32.079],[75.751,32.038],[75.912,31.94],[76.018,31.632],[76.153,31.434],[76.149,31.353],[76.191,31.3],[76.311,31.32],[76.331,31.401],[76.379,31.428],[76.499,31.27],[76.588,31.274],[76.612,31.25],[76.593,31.212],[76.645,31.209],[76.602,31.153],[76.639,31.108],[76.625,30.999],[76.777,30.904]]]},"properties":{"ST_NM":"Punjab"}},{"type":"Feature","geometry":{"type":"Polygon","coordinates":[[[74.527,29.943],[74.51,29.908],[74.561,29.87],[74.484,29.814],[74.477,29.745],[74.616,29.752],[74.576,29.56],[74.622,29.522],[74.585,29.458],[74.535,29.448],[74.604,29.327],[74.654,29.333],[74.658,29.372],[74.782,29.358],[74.851,29.404],[74.938,29.362],[74.962,29.28],[75.05,29.286],[75.075,29.23],[75.196,29.263],[75.238,29.23],[75.323,29.289],[75.33,29.233],[75.411,29.256],[75.407,29.17],[75.375,29.135],[75.406,29.12],[75.391,29.063],[75.521,29.004],[75.527,28.971],[75.473,28.923],[75.52,28.835],[75.561,28.613],[75.619,28.603],[75.634,28.544],[75.788,28.454],[75.777,28.4],[75.93,28.359],[76.026,28.275],[76.013,28.244],[76.095,28.151],[76.026,28.165],[75.946,28.108],[75.939,28.088],[75.983,28.081],[75.975,28.051],[76.041,28.074],[76.016,28.03],[75.977,28.031],[75.973,27.933],[75.933,27.929],[75.987,27.904],[75.971,27.852],[76.048,27.835],[76.088,27.861],[76.181,27.798],[76.217,27.817],[76.201,27.893],[76.168,27.903],[76.187,27.965],[76.16,27.998],[76.189,28.056],[76.261,28.068],[76.292,28.026],[76.342,28.031],[76.357,28.067],[76.301,28.098],[76.36,28.125],[76.292,28.179],[76.366,28.137],[76.476,28.149],[76.499,28.1],[76.452,28.091],[76.501,28.06],[76.455,28.042],[76.544,28.034],[76.545,27.964],[76.668,28.014],[76.657,28.089],[76.795,28.148],[76.805,28.206],[76.875,28.218],[76.971,28.138],[76.931,27.993],[76.943,27.854],[76.894,27.718],[76.919,27.71],[76.915,27.653],[76.942,27.674],[76.979,27.654],[77.0,27.737],[77.086,27.738],[77.036,27.782],[77.045,27.822],[77.108,27.786],[77.202,27.823],[77.301,27.795],[77.304,27.71],[77.341,27.703],[77.353,27.651],[77.317,27.607],[77.358,27.589],[77.34,27.527],[77.434,27.46],[77.44,27.391],[77.613,27.332],[77.603,27.292],[77.681,27.194],[77.61,27.163],[77.604,27.124],[77.52,27.104],[77.526,27.078],[77.577,27.068],[77.602,27.023],[77.666,27.017],[77.68,27.047],[77.711,26.997],[77.733,27.024],[77.762,27.001],[77.427,26.859],[77.398,26.83],[77.469,26.766],[77.455,26.742],[77.503,26.769],[77.501,26.844],[77.526,26.819],[77.608,26.828],[77.723,26.874],[77.761,26.933],[77.904,26.883],[77.909,26.906],[78.022,26.899],[78.032,26.865],[78.057,26.907],[78.112,26.904],[78.125,26.949],[78.272,26.919],[78.209,26.869],[78.223,26.831],[78.176,26.826],[78.184,26.784],[78.116,26.797],[78.095,26.679],[77.998,26.694],[77.898,26.655],[77.897,26.617],[77.827,26.596],[77.813,26.547],[77.524,26.407],[77.439,26.404],[77.449,26.368],[77.343,26.352],[77.271,26.267],[77.032,26.173],[76.902,26.094],[76.731,25.905],[76.643,25.908],[76.624,25.871],[76.578,25.866],[76.516,25.777],[76.521,25.727],[76.475,25.713],[76.555,25.453],[76.598,25.394],[76.729,25.329],[76.902,25.324],[76.93,25.283],[77.031,25.295],[77.084,25.337],[77.209,25.306],[77.234,25.379],[77.294,25.424],[77.371,25.408],[77.35,25.329],[77.381,25.292],[77.355,25.263],[77.418,25.198],[77.376,25.105],[77.31,25.081],[77.273,25.112],[77.175,25.112],[77.123,25.067],[76.877,25.041],[76.862,25.003],[76.862,24.961],[76.942,24.859],[76.803,24.809],[76.856,24.742],[76.964,24.757],[77.031,24.712],[77.071,24.572],[76.978,24.461],[76.917,24.483],[76.918,24.543],[76.816,24.534],[76.852,24.451],[76.841,24.323],[76.946,24.206],[76.901,24.127],[76.802,24.117],[76.756,24.169],[76.701,24.168],[76.678,24.204],[76.695,24.284],[76.596,24.244],[76.528,24.157],[76.471,24.226],[76.319,24.245],[76.286,24.21],[76.217,24.211],[76.186,24.329],[76.118,24.195],[76.127,24.088],[75.962,24.015],[75.987,23.94],[75.783,23.849],[75.706,23.899],[75.731,23.853],[75.693,23.776],[75.584,23.795],[75.566,23.853],[75.459,23.921],[75.469,23.974],[75.521,24.025],[75.585,23.991],[75.671,24.018],[75.702,23.967],[75.729,23.97],[75.782,24.043],[75.837,24.057],[75.835,24.092],[75.793,24.092],[75.752,24.148],[75.818,24.239],[75.802,24.302],[75.738,24.335],[75.728,24.396],[75.789,24.472],[75.839,24.414],[75.909,24.455],[75.907,24.576],[75.825,24.613],[75.838,24.725],[75.757,24.762],[75.646,24.685],[75.583,24.713],[75.455,24.681],[75.22,24.703],[75.188,24.744],[75.211,24.798],[75.25,24.81],[75.241,24.846],[75.316,24.803],[75.42,24.856],[75.426,24.884],[75.263,24.875],[75.294,24.907],[75.261,24.963],[75.32,24.902],[75.334,25.041],[75.17,25.049],[75.114,24.967],[75.119,24.882],[75.033,24.845],[74.924,24.878],[74.843,24.969],[74.849,24.776],[74.861,24.799],[75.007,24.772],[75.015,24.732],[74.943,24.64],[74.89,24.634],[74.809,24.781],[74.774,24.666],[74.814,24.652],[74.709,24.486],[74.855,24.44],[74.747,24.253],[74.897,24.227],[74.903,24.109],[74.982,24.026],[74.902,23.873],[74.904,23.794],[74.94,23.765],[74.904,23.675],[74.937,23.629],[74.84,23.55],[74.616,23.46],[74.542,23.365],[74.544,23.28],[74.701,23.265],[74.698,23.226],[74.744,23.211],[74.671,23.2],[74.506,23.085],[74.385,23.111],[74.324,23.061],[74.253,23.172],[74.128,23.176],[74.139,23.266],[74.038,23.295],[73.962,23.381],[73.89,23.336],[73.833,23.436],[73.767,23.453],[73.713,23.414],[73.691,23.458],[73.636,23.449],[73.656,23.621],[73.569,23.653],[73.523,23.607],[73.494,23.632],[73.507,23.703],[73.411,23.78],[73.356,23.785],[73.361,23.873],[73.42,23.925],[73.405,24.041],[73.362,24.105],[73.239,24.004],[73.193,24.041],[73.214,24.078],[73.067,24.195],[73.135,24.308],[73.167,24.299],[73.219,24.364],[73.152,24.354],[73.077,24.397],[73.101,24.427],[73.086,24.498],[73.019,24.465],[73.0,24.483],[72.949,24.398],[72.978,24.373],[72.911,24.337],[72.85,24.372],[72.733,24.364],[72.681,24.465],[72.576,24.479],[72.537,24.52],[72.493,24.459],[72.5,24.417],[72.457,24.415],[72.444,24.508],[72.246,24.586],[72.339,24.6],[72.348,24.627],[72.165,24.621],[72.09,24.659],[72.058,24.712],[71.994,24.695],[71.941,24.634],[71.872,24.682],[71.852,24.609],[71.772,24.675],[71.655,24.639],[71.608,24.677],[71.478,24.68],[71.378,24.626],[71.348,24.661],[71.288,24.616],[71.112,24.676],[70.937,24.939],[70.888,25.148],[70.665,25.397],[70.66,25.702],[70.387,25.674],[70.268,25.714],[70.1,25.938],[70.083,26.083],[70.175,26.252],[70.174,26.551],[70.056,26.601],[69.886,26.579],[69.792,26.598],[69.51,26.744],[69.484,26.805],[69.513,27.01],[69.587,27.184],[70.026,27.563],[70.132,27.806],[70.372,28.012],[70.505,28.037],[70.589,28.01],[70.677,27.922],[70.684,27.828],[70.739,27.742],[70.872,27.706],[71.205,27.835],[71.383,27.872],[71.666,27.878],[71.898,27.962],[71.928,28.122],[72.206,28.394],[72.299,28.67],[72.354,28.733],[72.732,28.948],[72.945,29.028],[73.282,29.572],[73.397,29.946],[73.806,30.068],[73.973,30.198],[73.971,30.125],[73.904,30.05],[73.896,29.974],[74.527,29.943]]]},"properties":{"ST_NM":"Rajasthan"}},{"type":"Feature","geometry":{"type":"Polygon","coordinates":[[[88.746,27.142],[88.682,27.177],[88.541,27.182],[88.431,27.079],[88.279,27.131],[88.154,27.11],[88.096,27.133],[88.065,27.213],[88.015,27.212],[88.068,27.335],[88.042,27.37],[88.075,27.427],[88.044,27.496],[88.198,27.792],[88.176,27.821],[88.196,27.854],[88.123,27.907],[88.145,27.964],[88.253,27.945],[88.352,27.99],[88.411,27.983],[88.496,28.054],[88.545,28.034],[88.569,28.09],[88.629,28.124],[88.667,28.076],[88.756,28.076],[88.836,28.015],[88.881,27.83],[88.857,27.815],[88.848,27.668],[88.77,27.571],[88.777,27.469],[88.919,27.32],[88.903,27.273],[88.803,27.248],[88.746,27.142]]]},"properties":{"ST_NM":"Sikkim"}},{"type":"Feature","geometry":{"type":"Polygon","coordinates":[[[92.212,24.504],[92.26,24.359],[92.206,24.238],[92.292,24.25],[92.332,24.152],[92.324,23.905],[92.257,23.813],[92.265,23.725],[92.229,23.653],[92.204,23.706],[92.136,23.735],[92.075,23.647],[92.043,23.646],[91.958,23.739],[91.937,23.691],[91.976,23.495],[91.947,23.431],[91.864,23.408],[91.826,23.495],[91.804,23.513],[91.798,23.489],[91.842,23.389],[91.76,23.282],[91.822,23.086],[91.712,22.984],[91.607,22.954],[91.542,23.0],[91.503,23.192],[91.449,23.26],[91.386,23.228],[91.412,23.065],[91.347,23.102],[91.288,23.315],[91.313,23.352],[91.254,23.488],[91.2,23.517],[91.161,23.595],[91.16,23.653],[91.202,23.655],[91.202,23.69],[91.153,23.692],[91.158,23.742],[91.221,23.742],[91.248,23.83],[91.222,23.893],[91.269,23.923],[91.28,23.982],[91.379,23.974],[91.376,24.106],[91.581,24.074],[91.631,24.104],[91.647,24.217],[91.682,24.163],[91.757,24.144],[91.747,24.245],[91.833,24.227],[91.911,24.141],[91.942,24.263],[91.922,24.337],[91.965,24.357],[91.994,24.329],[91.977,24.374],[92.004,24.393],[92.114,24.387],[92.168,24.424],[92.155,24.517],[92.212,24.504]]]},"properties":{"ST_NM":"Tripura"}},{"type":"Feature","geometry":{"type":"Polygon","coordinates":[[[80.065,28.837],[80.03,28.749],[79.954,28.723],[79.874,28.796],[79.914,28.818],[79.888,28.837],[79.824,28.807],[79.849,28.861],[79.828,28.885],[79.707,28.841],[79.656,28.87],[79.584,28.846],[79.556,28.899],[79.522,28.865],[79.426,28.866],[79.428,28.913],[79.372,28.986],[79.307,28.967],[79.162,29.025],[79.126,29.133],[79.051,29.157],[79.025,29.112],[78.982,29.143],[78.927,29.118],[78.873,29.224],[78.79,29.248],[78.731,29.314],[78.872,29.362],[78.925,29.434],[78.618,29.558],[78.521,29.658],[78.517,29.719],[78.427,29.765],[78.336,29.797],[78.204,29.737],[78.196,29.693],[78.131,29.653],[77.967,29.58],[77.933,29.601],[77.983,29.641],[77.946,29.713],[77.83,29.668],[77.77,29.718],[77.775,29.789],[77.715,29.871],[77.747,29.91],[77.734,29.955],[77.801,30.096],[77.866,30.119],[77.947,30.234],[77.721,30.331],[77.647,30.405],[77.574,30.413],[77.819,30.508],[77.817,30.561],[77.772,30.559],[77.743,30.596],[77.787,30.641],[77.704,30.766],[77.761,30.826],[77.763,30.88],[77.806,30.853],[77.816,30.91],[77.762,30.919],[77.749,30.954],[77.81,30.956],[77.817,31.056],[77.908,31.154],[78.029,31.163],[78.37,31.286],[78.484,31.199],[78.607,31.229],[78.662,31.189],[78.81,31.198],[78.89,31.097],[78.959,31.1],[79.006,31.119],[78.986,31.174],[78.882,31.287],[78.942,31.365],[79.016,31.348],[79.023,31.427],[79.096,31.452],[79.168,31.396],[79.167,31.361],[79.233,31.333],[79.222,31.263],[79.297,31.217],[79.318,31.136],[79.41,31.107],[79.427,31.024],[79.507,31.032],[79.555,30.956],[79.601,30.939],[79.753,31.006],[79.874,30.967],[79.931,30.882],[80.009,30.869],[80.11,30.78],[80.174,30.808],[80.249,30.743],[80.232,30.692],[80.198,30.687],[80.209,30.588],[80.548,30.448],[80.606,30.471],[80.827,30.314],[81.032,30.246],[81.035,30.198],[80.928,30.175],[80.907,30.223],[80.862,30.169],[80.871,30.123],[80.736,30.0],[80.678,29.959],[80.604,29.958],[80.493,29.795],[80.407,29.794],[80.369,29.75],[80.416,29.651],[80.406,29.591],[80.348,29.554],[80.299,29.456],[80.242,29.442],[80.316,29.315],[80.298,29.205],[80.241,29.202],[80.271,29.147],[80.233,29.119],[80.186,29.136],[80.145,29.103],[80.118,28.981],[80.059,28.916],[80.065,28.837]]]},"properties":{"ST_NM":"Uttarakhand"}},{"type":"Feature","geometry":{"type":"Polygon","coordinates":[[[80.273,18.723],[80.343,18.598],[80.489,18.631],[80.638,18.523],[80.733,18.403],[80.792,18.251],[80.737,18.222],[80.737,18.177],[80.799,18.172],[80.824,18.239],[80.866,18.234],[80.867,18.14],[80.979,18.179],[80.953,18.082],[81.008,17.798],[81.086,17.798],[81.096,17.762],[81.058,17.733],[80.966,17.78],[80.886,17.736],[80.911,17.638],[80.866,17.635],[80.855,17.602],[80.969,17.598],[81.015,17.522],[81.099,17.504],[81.124,17.527],[81.148,17.464],[81.313,17.408],[81.305,17.346],[81.274,17.317],[81.19,17.325],[81.171,17.231],[80.998,17.191],[80.919,17.22],[80.924,17.158],[80.879,17.161],[80.845,17.04],[80.699,17.084],[80.65,17.071],[80.671,17.101],[80.58,17.153],[80.514,17.122],[80.465,17.03],[80.419,17.092],[80.387,17.071],[80.407,17.016],[80.371,16.976],[80.493,16.927],[80.534,16.961],[80.602,16.919],[80.563,16.833],[80.605,16.798],[80.57,16.768],[80.464,16.795],[80.385,16.863],[80.408,16.849],[80.379,16.819],[80.322,16.88],[80.284,17.007],[80.187,17.02],[80.055,16.971],[80.017,16.915],[80.004,16.862],[80.073,16.817],[80.055,16.745],[79.965,16.645],[79.908,16.635],[79.886,16.687],[79.773,16.731],[79.635,16.661],[79.46,16.624],[79.419,16.58],[79.262,16.567],[79.215,16.485],[79.215,16.226],[79.009,16.24],[78.911,16.188],[78.922,16.106],[78.89,16.085],[78.877,16.136],[78.835,16.145],[78.837,16.07],[78.786,16.021],[78.736,16.008],[78.627,16.088],[78.552,16.043],[78.408,16.075],[78.307,16.011],[78.262,16.027],[78.25,15.934],[78.187,15.912],[78.175,15.858],[78.134,15.837],[78.084,15.841],[78.045,15.904],[78.009,15.865],[77.89,15.906],[77.804,15.874],[77.513,15.927],[77.49,16.255],[77.582,16.291],[77.588,16.333],[77.49,16.385],[77.35,16.384],[77.244,16.463],[77.417,16.517],[77.404,16.572],[77.468,16.61],[77.475,16.652],[77.444,16.639],[77.419,16.669],[77.464,16.676],[77.474,16.717],[77.427,16.729],[77.441,16.786],[77.475,16.781],[77.454,16.914],[77.502,17.009],[77.465,17.108],[77.362,17.164],[77.395,17.196],[77.38,17.223],[77.458,17.281],[77.454,17.374],[77.532,17.375],[77.513,17.431],[77.689,17.475],[77.692,17.502],[77.596,17.537],[77.594,17.565],[77.528,17.575],[77.507,17.542],[77.444,17.584],[77.452,17.695],[77.569,17.749],[77.515,17.804],[77.656,17.97],[77.648,17.999],[77.554,18.036],[77.548,18.065],[77.602,18.106],[77.573,18.239],[77.605,18.281],[77.551,18.292],[77.571,18.308],[77.52,18.358],[77.557,18.419],[77.529,18.443],[77.584,18.445],[77.596,18.549],[77.739,18.557],[77.73,18.667],[77.76,18.707],[77.79,18.695],[77.84,18.805],[77.948,18.829],[77.884,18.905],[77.843,18.909],[77.859,18.949],[77.772,18.979],[77.765,19.063],[77.8,19.051],[77.817,19.106],[77.849,19.086],[77.848,19.19],[77.871,19.254],[77.903,19.256],[77.863,19.304],[77.944,19.343],[78.056,19.237],[78.175,19.238],[78.192,19.407],[78.304,19.456],[78.304,19.608],[78.263,19.665],[78.343,19.713],[78.365,19.781],[78.336,19.838],[78.285,19.857],[78.307,19.914],[78.485,19.796],[78.553,19.824],[78.719,19.767],[78.841,19.762],[78.852,19.659],[78.955,19.656],[78.952,19.549],[79.096,19.533],[79.19,19.459],[79.222,19.468],[79.207,19.506],[79.251,19.616],[79.501,19.507],[79.54,19.555],[79.6,19.51],[79.632,19.575],[79.779,19.6],[79.944,19.471],[79.975,19.411],[79.924,19.215],[79.945,19.167],[79.859,19.108],[79.87,19.042],[79.938,19.041],[79.962,18.867],[79.921,18.81],[80.019,18.77],[80.112,18.683],[80.273,18.723]]]},"properties":{"ST_NM":"Telangana"}},{"type":"Feature","geometry":{"type":"Polygon","coordinates":[[[88.105,26.551],[88.135,26.523],[88.233,26.571],[88.182,26.508],[88.242,26.457],[88.261,26.42],[88.234,26.392],[88.282,26.375],[88.286,26.332],[88.073,26.175],[87.98,26.144],[87.973,26.076],[87.906,26.074],[87.811,25.928],[87.831,25.871],[87.914,25.852],[87.893,25.836],[87.91,25.781],[88.05,25.702],[88.022,25.596],[88.065,25.489],[87.926,25.539],[87.824,25.437],[87.787,25.449],[87.764,25.386],[87.852,25.295],[87.819,25.243],[87.711,25.258],[87.692,25.312],[87.552,25.333],[87.532,25.28],[87.487,25.296],[87.478,25.194],[87.392,25.228],[87.335,25.216],[87.296,25.089],[87.213,25.091],[87.146,25.009],[87.157,24.883],[87.077,24.808],[87.051,24.609],[86.978,24.64],[86.93,24.627],[86.918,24.558],[86.86,24.556],[86.811,24.569],[86.787,24.616],[86.669,24.566],[86.603,24.602],[86.517,24.535],[86.445,24.368],[86.276,24.466],[86.318,24.578],[86.125,24.611],[86.129,24.699],[86.055,24.78],[85.938,24.735],[85.867,24.805],[85.742,24.82],[85.709,24.727],[85.649,24.685],[85.669,24.58],[85.581,24.601],[85.524,24.521],[85.491,24.548],[85.292,24.524],[85.282,24.492],[85.162,24.461],[85.174,24.421],[85.099,24.374],[85.074,24.377],[85.079,24.415],[85.031,24.416],[84.917,24.373],[84.887,24.463],[84.833,24.47],[84.839,24.513],[84.802,24.531],[84.686,24.456],[84.665,24.392],[84.568,24.409],[84.501,24.288],[84.297,24.45],[84.327,24.487],[84.298,24.559],[84.259,24.534],[84.173,24.545],[84.179,24.505],[84.146,24.538],[84.104,24.481],[84.008,24.643],[83.933,24.547],[83.873,24.532],[83.715,24.504],[83.503,24.525],[83.544,24.628],[83.502,24.649],[83.52,24.678],[83.49,24.734],[83.397,24.779],[83.393,24.841],[83.358,24.871],[83.351,25.009],[83.32,25.017],[83.366,25.125],[83.354,25.189],[83.409,25.246],[83.63,25.33],[83.702,25.396],[83.808,25.409],[83.876,25.518],[84.081,25.636],[84.089,25.713],[84.154,25.727],[84.206,25.67],[84.294,25.66],[84.324,25.67],[84.337,25.744],[84.52,25.675],[84.561,25.684],[84.56,25.737],[84.635,25.728],[84.607,25.772],[84.625,25.792],[84.531,25.832],[84.534,25.876],[84.428,25.891],[84.354,25.959],[84.297,25.945],[84.176,25.997],[84.01,26.174],[84.012,26.232],[84.08,26.222],[84.177,26.265],[84.176,26.373],[84.068,26.388],[84.019,26.447],[83.911,26.45],[83.906,26.512],[84.048,26.536],[84.088,26.636],[84.285,26.6],[84.42,26.626],[84.411,26.67],[84.33,26.684],[84.306,26.75],[84.255,26.727],[84.233,26.754],[84.254,26.857],[84.219,26.871],[84.166,26.834],[84.13,26.893],[84.08,26.878],[84.052,26.906],[84.049,27.035],[84.006,27.06],[84.029,27.087],[83.946,27.092],[83.993,27.173],[83.97,27.224],[83.912,27.246],[83.935,27.307],[83.837,27.322],[83.882,27.365],[83.832,27.431],[83.848,27.449],[84.017,27.439],[84.106,27.521],[84.152,27.517],[84.146,27.492],[84.214,27.441],[84.259,27.451],[84.294,27.382],[84.62,27.339],[84.69,27.222],[84.645,27.046],[84.757,27.003],[84.822,27.021],[84.961,26.961],[84.97,26.918],[85.052,26.89],[85.029,26.859],[85.058,26.849],[85.193,26.867],[85.177,26.81],[85.212,26.758],[85.334,26.742],[85.635,26.872],[85.735,26.796],[85.732,26.654],[85.851,26.609],[85.859,26.57],[86.028,26.666],[86.218,26.589],[86.343,26.617],[86.73,26.423],[86.768,26.459],[86.834,26.439],[86.893,26.462],[86.895,26.488],[87.016,26.532],[87.042,26.588],[87.071,26.587],[87.091,26.451],[87.162,26.405],[87.265,26.406],[87.266,26.374],[87.34,26.348],[87.368,26.408],[87.464,26.44],[87.588,26.382],[87.651,26.393],[87.677,26.436],[87.764,26.41],[87.793,26.469],[87.848,26.437],[87.899,26.479],[87.917,26.43],[88.03,26.368],[88.099,26.456],[88.105,26.551]]]},"properties":{"ST_NM":"Bihar"}},{"type":"Feature","geometry":{"type":"Polygon","coordinates":[[[76.431,11.666],[76.443,11.644],[76.355,11.589],[76.302,11.571],[76.279,11.601],[76.233,11.568],[76.247,11.468],[76.284,11.483],[76.419,11.442],[76.46,11.389],[76.548,11.359],[76.522,11.271],[76.453,11.239],[76.458,11.188],[76.499,11.211],[76.534,11.186],[76.629,11.194],[76.707,11.238],[76.736,11.216],[76.695,11.167],[76.748,11.135],[76.767,11.029],[76.7,11.027],[76.659,10.931],[76.831,10.871],[76.848,10.82],[76.907,10.783],[76.866,10.684],[76.882,10.639],[76.812,10.62],[76.839,10.596],[76.83,10.303],[76.87,10.298],[76.91,10.235],[76.984,10.222],[77.176,10.359],[77.235,10.353],[77.228,10.315],[77.295,10.219],[77.275,10.131],[77.201,10.107],[77.262,10.034],[77.273,9.964],[77.218,9.905],[77.247,9.798],[77.168,9.615],[77.27,9.573],[77.304,9.599],[77.339,9.573],[77.355,9.604],[77.366,9.535],[77.412,9.509],[77.3,9.337],[77.268,9.153],[77.149,9.01],[77.257,8.878],[77.264,8.842],[77.179,8.731],[77.284,8.547],[77.262,8.507],[77.214,8.512],[77.227,8.447],[77.167,8.384],[77.158,8.328],[77.098,8.292],[76.971,8.392],[76.542,8.913],[76.34,9.41],[76.241,9.982],[75.922,10.761],[75.83,11.117],[75.716,11.393],[75.681,11.451],[75.618,11.477],[75.508,11.733],[75.366,11.853],[75.252,12.009],[75.204,12.006],[74.87,12.761],[75.002,12.792],[74.982,12.738],[75.05,12.719],[75.042,12.672],[75.105,12.698],[75.161,12.673],[75.144,12.642],[75.202,12.629],[75.22,12.568],[75.276,12.62],[75.298,12.607],[75.326,12.583],[75.272,12.57],[75.28,12.524],[75.359,12.464],[75.382,12.502],[75.418,12.498],[75.423,12.467],[75.371,12.457],[75.366,12.412],[75.422,12.373],[75.433,12.293],[75.505,12.271],[75.577,12.157],[75.728,12.073],[75.803,12.08],[75.83,11.984],[75.897,11.945],[76.003,11.931],[76.112,11.979],[76.12,11.85],[76.19,11.871],[76.227,11.806],[76.28,11.812],[76.34,11.739],[76.411,11.758],[76.431,11.666]],[[75.538,11.763],[75.547,11.716],[75.538,11.763]]]},"properties":{"ST_NM":"Kerala"}},{"type":"Feature","geometry":{"type":"Polygon","coordinates":[[[82.81,23.963],[82.752,23.92],[82.662,23.908],[82.668,23.872],[82.554,23.826],[82.525,23.784],[82.471,23.811],[82.238,23.806],[82.208,23.852],[82.178,23.821],[82.082,23.816],[81.921,23.871],[81.823,23.808],[81.725,23.845],[81.688,23.907],[81.61,23.904],[81.603,23.854],[81.696,23.721],[81.577,23.585],[81.627,23.482],[81.736,23.566],[81.81,23.549],[81.837,23.511],[81.923,23.533],[81.985,23.415],[82.025,23.425],[82.021,23.389],[82.057,23.377],[82.102,23.398],[82.119,23.354],[82.192,23.327],[82.193,23.277],[82.146,23.227],[82.161,23.143],[82.123,23.104],[82.067,23.116],[82.036,23.081],[81.93,23.062],[81.946,22.957],[81.862,22.889],[81.776,22.874],[81.794,22.766],[81.752,22.727],[81.772,22.676],[81.755,22.646],[81.729,22.676],[81.683,22.647],[81.629,22.544],[81.533,22.539],[81.396,22.44],[81.382,22.51],[81.338,22.52],[81.232,22.452],[81.194,22.491],[81.11,22.436],[81.118,22.291],[81.09,22.247],[81.023,22.229],[81.022,22.133],[80.98,22.127],[81.011,22.095],[80.995,22.051],[80.95,22.117],[80.908,22.11],[80.835,21.955],[80.839,21.8],[80.804,21.745],[80.747,21.756],[80.734,21.729],[80.735,21.461],[80.671,21.338],[80.621,21.32],[80.498,21.397],[80.413,21.376],[80.418,21.448],[80.376,21.523],[80.254,21.625],[80.193,21.635],[80.001,21.534],[79.971,21.558],[79.863,21.531],[79.733,21.603],[79.653,21.556],[79.54,21.543],[79.496,21.674],[79.352,21.679],[79.268,21.715],[79.221,21.694],[79.224,21.649],[79.163,21.659],[79.103,21.601],[78.998,21.619],[78.917,21.591],[78.937,21.486],[78.751,21.493],[78.728,21.462],[78.505,21.527],[78.457,21.496],[78.417,21.601],[78.373,21.613],[78.356,21.573],[78.264,21.591],[78.274,21.57],[78.182,21.557],[78.176,21.499],[77.902,21.377],[77.801,21.409],[77.737,21.362],[77.603,21.39],[77.587,21.363],[77.531,21.419],[77.492,21.374],[77.426,21.538],[77.612,21.539],[77.583,21.554],[77.542,21.706],[77.479,21.77],[77.281,21.759],[77.291,21.733],[77.21,21.69],[77.176,21.726],[77.07,21.717],[76.897,21.596],[76.799,21.595],[76.763,21.521],[76.786,21.465],[76.621,21.332],[76.663,21.28],[76.623,21.185],[76.493,21.194],[76.456,21.108],[76.38,21.075],[76.167,21.079],[76.11,21.161],[76.165,21.169],[76.165,21.221],[76.096,21.371],[76.048,21.349],[75.874,21.392],[75.542,21.369],[75.207,21.413],[75.108,21.462],[75.052,21.566],[74.902,21.629],[74.829,21.61],[74.687,21.632],[74.513,21.719],[74.524,21.912],[74.453,21.962],[74.432,22.03],[74.281,21.933],[74.205,21.926],[74.095,22.019],[74.17,22.092],[74.124,22.098],[74.116,22.216],[74.072,22.219],[74.072,22.361],[74.19,22.32],[74.27,22.413],[74.188,22.476],[74.185,22.443],[74.136,22.447],[74.119,22.419],[74.083,22.507],[74.041,22.489],[74.038,22.535],[74.075,22.551],[74.135,22.52],[74.21,22.565],[74.253,22.634],[74.384,22.647],[74.477,22.855],[74.447,22.921],[74.404,22.899],[74.34,22.953],[74.364,22.981],[74.324,23.061],[74.385,23.111],[74.506,23.085],[74.671,23.2],[74.744,23.211],[74.698,23.226],[74.701,23.265],[74.544,23.28],[74.542,23.365],[74.616,23.46],[74.84,23.55],[74.937,23.629],[74.904,23.675],[74.94,23.765],[74.904,23.794],[74.902,23.873],[74.982,24.026],[74.903,24.109],[74.897,24.227],[74.747,24.253],[74.855,24.44],[74.709,24.486],[74.814,24.652],[74.774,24.666],[74.809,24.781],[74.89,24.634],[74.943,24.64],[75.015,24.732],[75.007,24.772],[74.861,24.799],[74.849,24.776],[74.834,24.96],[74.913,24.916],[74.924,24.878],[75.033,24.845],[75.119,24.882],[75.114,24.967],[75.17,25.049],[75.334,25.041],[75.32,24.902],[75.261,24.963],[75.294,24.907],[75.263,24.875],[75.426,24.884],[75.42,24.856],[75.316,24.803],[75.241,24.846],[75.25,24.81],[75.211,24.798],[75.188,24.744],[75.22,24.703],[75.455,24.681],[75.583,24.713],[75.646,24.685],[75.757,24.762],[75.838,24.725],[75.825,24.613],[75.907,24.576],[75.909,24.455],[75.839,24.414],[75.789,24.472],[75.728,24.396],[75.738,24.335],[75.802,24.302],[75.818,24.239],[75.752,24.148],[75.793,24.092],[75.835,24.092],[75.837,24.057],[75.782,24.043],[75.729,23.97],[75.702,23.967],[75.671,24.018],[75.585,23.991],[75.521,24.025],[75.469,23.974],[75.459,23.921],[75.566,23.853],[75.584,23.795],[75.693,23.776],[75.731,23.853],[75.706,23.899],[75.783,23.849],[75.987,23.94],[75.962,24.015],[76.127,24.088],[76.118,24.195],[76.186,24.329],[76.217,24.211],[76.286,24.21],[76.319,24.245],[76.471,24.226],[76.528,24.157],[76.596,24.244],[76.695,24.284],[76.678,24.204],[76.701,24.168],[76.756,24.169],[76.802,24.117],[76.901,24.127],[76.946,24.206],[76.841,24.323],[76.852,24.451],[76.816,24.534],[76.918,24.543],[76.917,24.483],[76.978,24.461],[77.071,24.572],[77.031,24.712],[76.964,24.757],[76.856,24.742],[76.803,24.809],[76.942,24.859],[76.862,24.961],[76.862,25.003],[76.877,25.041],[77.123,25.067],[77.175,25.112],[77.273,25.112],[77.31,25.081],[77.376,25.105],[77.418,25.198],[77.355,25.263],[77.381,25.292],[77.35,25.329],[77.371,25.408],[77.294,25.424],[77.234,25.379],[77.209,25.306],[77.084,25.337],[77.031,25.295],[76.93,25.283],[76.902,25.324],[76.729,25.329],[76.598,25.394],[76.555,25.453],[76.475,25.713],[76.521,25.727],[76.516,25.777],[76.578,25.866],[76.779,25.939],[76.902,26.094],[77.1,26.186],[77.135,26.233],[77.271,26.267],[77.343,26.352],[77.449,26.368],[77.439,26.404],[77.524,26.407],[77.813,26.547],[77.827,26.596],[77.897,26.617],[77.898,26.655],[77.998,26.694],[78.095,26.679],[78.116,26.797],[78.184,26.784],[78.176,26.826],[78.271,26.814],[78.307,26.863],[78.361,26.869],[78.395,26.817],[78.578,26.748],[78.722,26.796],[78.816,26.762],[78.869,26.699],[78.956,26.692],[78.95,26.654],[79.009,26.668],[79.017,26.601],[78.988,26.593],[79.068,26.497],[79.053,26.454],[79.129,26.44],[79.084,26.358],[79.135,26.325],[79.062,26.274],[79.065,26.23],[78.989,26.235],[79.025,26.221],[78.983,26.184],[79.008,26.156],[78.952,26.129],[79.003,26.067],[78.948,26.026],[78.933,25.949],[78.884,25.913],[78.892,25.88],[78.829,25.796],[78.753,25.75],[78.817,25.676],[78.81,25.619],[78.716,25.604],[78.658,25.56],[78.444,25.563],[78.429,25.488],[78.395,25.444],[78.354,25.452],[78.301,25.362],[78.337,25.336],[78.312,25.303],[78.373,25.26],[78.443,25.13],[78.34,25.087],[78.334,24.995],[78.172,24.878],[78.173,24.847],[78.277,24.662],[78.264,24.552],[78.226,24.52],[78.271,24.446],[78.366,24.386],[78.33,24.326],[78.395,24.269],[78.502,24.39],[78.584,24.346],[78.669,24.24],[78.765,24.232],[78.789,24.177],[78.88,24.216],[78.91,24.296],[78.971,24.348],[78.994,24.423],[78.915,24.458],[78.918,24.495],[78.966,24.498],[78.883,24.641],[78.757,24.599],[78.747,24.662],[78.781,24.707],[78.79,24.81],[78.771,24.857],[78.677,24.899],[78.632,24.962],[78.653,25.05],[78.607,25.09],[78.578,25.253],[78.503,25.29],[78.438,25.275],[78.495,25.313],[78.533,25.301],[78.53,25.353],[78.585,25.347],[78.581,25.386],[78.658,25.441],[78.711,25.428],[78.663,25.382],[78.727,25.343],[78.775,25.353],[78.748,25.41],[78.803,25.437],[78.771,25.423],[78.733,25.484],[78.797,25.483],[78.848,25.43],[78.866,25.466],[78.842,25.513],[78.884,25.516],[78.884,25.554],[78.939,25.557],[78.953,25.538],[78.92,25.514],[78.944,25.483],[78.909,25.442],[78.958,25.44],[78.987,25.381],[78.944,25.349],[78.899,25.377],[78.949,25.401],[78.88,25.386],[78.788,25.3],[78.824,25.306],[78.809,25.271],[78.843,25.228],[78.884,25.344],[78.962,25.343],[78.938,25.26],[78.881,25.254],[78.882,25.157],[78.934,25.212],[79.006,25.195],[78.975,25.237],[79.013,25.274],[79.064,25.222],[79.031,25.138],[79.09,25.191],[79.166,25.107],[79.186,25.144],[79.24,25.113],[79.265,25.152],[79.267,25.122],[79.314,25.136],[79.286,25.226],[79.345,25.217],[79.345,25.251],[79.263,25.273],[79.3,25.338],[79.409,25.256],[79.482,25.269],[79.39,25.17],[79.405,25.106],[79.474,25.12],[79.483,25.08],[79.569,25.172],[79.608,25.128],[79.747,25.139],[79.844,25.094],[79.851,25.227],[79.877,25.251],[80.003,25.267],[80.034,25.342],[80.131,25.334],[80.264,25.424],[80.316,25.386],[80.311,25.286],[80.404,25.244],[80.432,25.178],[80.357,25.142],[80.376,25.115],[80.346,25.065],[80.291,25.06],[80.274,25.026],[80.331,24.992],[80.363,25.024],[80.394,25.009],[80.393,25.064],[80.449,25.079],[80.474,25.031],[80.436,25.028],[80.48,24.976],[80.546,25.032],[80.503,25.045],[80.507,25.084],[80.552,25.063],[80.592,25.09],[80.602,25.15],[80.633,25.123],[80.615,25.093],[80.681,25.053],[80.775,25.055],[80.718,25.131],[80.825,25.121],[80.843,25.186],[80.882,25.183],[80.904,25.159],[80.812,24.923],[80.95,24.964],[80.957,24.93],[81.09,24.946],[81.14,24.888],[81.172,24.957],[81.215,24.933],[81.209,24.993],[81.263,25.052],[81.292,25.162],[81.356,25.163],[81.445,25.116],[81.422,25.099],[81.499,25.077],[81.484,25.116],[81.537,25.161],[81.513,25.177],[81.579,25.191],[81.626,25.161],[81.606,25.117],[81.638,25.099],[81.612,25.056],[81.669,25.072],[81.793,25.004],[81.891,24.996],[81.908,24.881],[81.944,24.841],[82.011,24.847],[82.256,24.749],[82.235,24.671],[82.303,24.656],[82.301,24.608],[82.422,24.599],[82.428,24.702],[82.539,24.648],[82.671,24.697],[82.698,24.647],[82.774,24.642],[82.767,24.595],[82.801,24.58],[82.721,24.514],[82.743,24.499],[82.713,24.381],[82.765,24.375],[82.77,24.345],[82.744,24.166],[82.728,24.136],[82.683,24.155],[82.665,24.13],[82.714,24.075],[82.774,24.075],[82.751,24.012],[82.804,24.004],[82.81,23.963]],[[79.396,25.032],[79.426,25.059],[79.365,25.128],[79.396,25.032]]]},"properties":{"ST_NM":"Madhya Pradesh"}},{"type":"Feature","geometry":{"type":"MultiPolygon","coordinates":[[[[93.837,7.24],[93.933,7.011],[93.89,6.902],[93.904,6.835],[93.892,6.807],[93.846,6.817],[93.829,6.755],[93.801,6.763],[93.737,6.964],[93.67,7.018],[93.646,7.118],[93.68,7.193],[93.837,7.24]]],[[[93.7,7.446],[93.742,7.362],[93.636,7.244],[93.619,7.363],[93.696,7.396],[93.7,7.446]]],[[[93.371,8.022],[93.451,7.937],[93.451,7.874],[93.416,7.908],[93.344,7.892],[93.342,7.96],[93.313,7.929],[93.324,8.011],[93.371,8.022]]],[[[93.537,8.028],[93.57,7.998],[93.56,7.935],[93.499,7.986],[93.537,8.028]]],[[[93.57,8.127],[93.584,8.04],[93.57,8.127]]],[[[93.117,8.357],[93.116,8.276],[93.191,8.197],[93.112,8.225],[93.075,8.279],[93.117,8.357]]],[[[93.229,8.262],[93.229,8.225],[93.229,8.262]]],[[[93.048,8.442],[93.034,8.472],[93.048,8.442]]],[[[92.792,9.239],[92.827,9.141],[92.729,9.126],[92.717,9.21],[92.792,9.239]]],[[[92.521,10.898],[92.586,10.79],[92.597,10.681],[92.54,10.616],[92.569,10.578],[92.499,10.514],[92.452,10.545],[92.382,10.539],[92.42,10.613],[92.385,10.67],[92.378,10.783],[92.521,10.898]]],[[[92.691,11.244],[92.706,11.287],[92.691,11.244]]],[[[93.512,8.235],[93.534,8.198],[93.495,8.166],[93.541,8.07],[93.483,8.002],[93.476,8.046],[93.522,8.072],[93.475,8.057],[93.45,8.18],[93.512,8.235]]],[[[92.214,11.595],[92.268,11.585],[92.259,11.518],[92.213,11.531],[92.214,11.595]]],[[[93.017,11.845],[93.07,11.835],[93.044,11.815],[93.017,11.845]]],[[[92.595,11.976],[92.596,11.93],[92.595,11.976]]],[[[92.762,11.966],[92.745,11.946],[92.762,11.966]]],[[[92.542,11.603],[92.553,11.562],[92.542,11.603]]],[[[92.966,12.041],[93.008,12.016],[93.037,11.882],[92.928,12.006],[92.966,12.041]]],[[[92.999,12.106],[92.995,12.042],[92.956,12.07],[92.958,12.1],[92.999,12.106]]],[[[93.026,12.146],[93.039,12.048],[93.006,12.078],[93.026,12.146]]],[[[92.987,12.16],[93.003,12.112],[92.962,12.114],[92.952,12.147],[92.987,12.16]]],[[[93.072,12.21],[93.094,12.147],[93.074,12.085],[93.036,12.131],[93.072,12.21]]],[[[92.639,11.511],[92.668,11.489],[92.684,11.433],[92.653,11.41],[92.689,11.37],[92.601,11.346],[92.587,11.401],[92.617,11.401],[92.639,11.511]]],[[[92.954,12.434],[92.931,12.36],[92.954,12.434]]],[[[92.887,12.408],[92.86,12.381],[92.842,12.401],[92.887,12.408]]],[[[92.707,12.83],[92.711,12.779],[92.707,12.83]]],[[[92.726,12.866],[92.707,12.837],[92.726,12.866]]],[[[92.928,13.024],[92.935,12.996],[92.928,13.024]]],[[[93.019,13.671],[93.031,13.634],[92.985,13.643],[93.019,13.671]]],[[[93.055,13.379],[93.089,13.336],[93.061,13.323],[93.055,13.379]]],[[[92.695,12.991],[92.718,12.982],[92.718,12.875],[92.665,12.812],[92.648,12.861],[92.695,12.991]]],[[[92.791,12.915],[92.783,12.895],[92.791,12.915]]],[[[93.03,13.568],[93.028,13.428],[93.057,13.398],[93.039,13.351],[92.982,13.329],[92.967,13.36],[92.956,13.335],[93.057,13.26],[93.033,13.082],[92.967,13.018],[92.914,13.052],[92.911,12.99],[92.937,12.975],[92.908,12.95],[92.882,12.979],[92.856,12.927],[92.871,12.883],[92.842,12.877],[92.801,12.9],[92.79,12.953],[92.809,13.127],[92.843,13.131],[92.812,13.154],[92.853,13.257],[92.824,13.288],[92.864,13.383],[92.841,13.392],[92.884,13.432],[92.871,13.472],[92.933,13.499],[92.913,13.527],[92.989,13.533],[92.989,13.566],[93.03,13.568]]],[[[92.735,12.24],[92.763,12.183],[92.721,12.198],[92.735,12.24]]],[[[92.81,12.313],[92.891,12.267],[92.858,12.247],[92.855,12.159],[92.763,12.064],[92.738,12.099],[92.77,12.239],[92.742,12.244],[92.81,12.313]]],[[[92.9,12.256],[92.914,12.232],[92.877,12.209],[92.868,12.239],[92.9,12.256]]],[[[93.104,12.251],[93.094,12.222],[93.062,12.23],[93.074,12.262],[93.104,12.251]]],[[[92.696,12.239],[92.717,12.174],[92.756,12.176],[92.734,12.103],[92.782,12.045],[92.734,12.035],[92.767,12.012],[92.746,11.978],[92.714,11.994],[92.705,11.928],[92.73,11.869],[92.763,11.94],[92.79,11.884],[92.753,11.718],[92.662,11.657],[92.678,11.613],[92.718,11.682],[92.755,11.664],[92.711,11.488],[92.645,11.524],[92.649,11.572],[92.605,11.608],[92.644,11.625],[92.591,11.671],[92.592,11.731],[92.56,11.695],[92.551,11.85],[92.514,11.848],[92.564,11.943],[92.583,11.865],[92.613,11.853],[92.624,12.108],[92.696,12.239]]],[[[92.71,12.298],[92.71,12.242],[92.71,12.298]]],[[[92.934,12.303],[92.929,12.261],[92.901,12.288],[92.934,12.303]]],[[[92.901,12.911],[92.952,12.806],[92.928,12.775],[92.967,12.739],[92.972,12.531],[92.919,12.423],[92.828,12.424],[92.882,12.333],[92.719,12.3],[92.7,12.6],[92.751,12.672],[92.799,12.66],[92.783,12.693],[92.742,12.672],[92.728,12.698],[92.722,12.825],[92.753,12.848],[92.78,12.824],[92.802,12.897],[92.844,12.875],[92.901,12.911]]]]},"properties":{"ST_NM":"Andaman & Nicobar"}},{"type":"Feature","geometry":{"type":"MultiPolygon","coordinates":[[[[72.362,22.029],[72.443,21.976],[72.388,21.817],[72.352,21.797],[72.31,21.844],[72.293,21.97],[72.362,22.029]]],[[[69.629,22.459],[69.657,22.427],[69.637,22.406],[69.59,22.431],[69.629,22.459]]],[[[74.324,23.061],[74.364,22.981],[74.34,22.953],[74.404,22.899],[74.447,22.921],[74.477,22.855],[74.384,22.647],[74.277,22.646],[74.135,22.52],[74.054,22.549],[74.03,22.508],[74.083,22.507],[74.119,22.419],[74.136,22.447],[74.185,22.443],[74.188,22.476],[74.27,22.413],[74.19,22.32],[74.072,22.361],[74.052,22.294],[74.072,22.219],[74.116,22.216],[74.124,22.098],[74.17,22.092],[74.095,22.019],[74.151,21.987],[74.147,21.953],[73.808,21.838],[73.894,21.671],[73.781,21.619],[73.852,21.498],[74.011,21.549],[74.176,21.569],[74.2,21.532],[74.295,21.569],[74.33,21.553],[74.321,21.498],[74.188,21.458],[74.07,21.472],[74.044,21.419],[73.952,21.395],[73.943,21.3],[73.823,21.265],[73.816,21.174],[73.717,21.141],[73.577,21.168],[73.618,21.118],[73.78,21.064],[73.808,21.085],[73.795,21.044],[73.901,20.982],[73.888,20.935],[73.926,20.888],[73.942,20.742],[73.812,20.692],[73.838,20.621],[73.67,20.563],[73.6,20.637],[73.531,20.674],[73.489,20.656],[73.467,20.722],[73.445,20.71],[73.394,20.641],[73.493,20.536],[73.38,20.394],[73.414,20.352],[73.417,20.198],[73.302,20.21],[73.278,20.149],[73.211,20.12],[73.189,20.128],[73.199,20.194],[73.133,20.206],[73.142,20.177],[73.107,20.158],[73.063,20.17],[73.06,20.223],[73.166,20.283],[73.151,20.317],[73.101,20.303],[73.105,20.35],[73.036,20.292],[72.917,20.281],[72.962,20.209],[72.859,20.225],[72.817,20.156],[72.737,20.135],[72.778,20.337],[72.891,20.373],[72.903,20.406],[72.857,20.419],[72.89,20.439],[72.856,20.467],[72.898,20.583],[72.843,20.777],[72.728,21.007],[72.728,21.067],[72.699,21.061],[72.702,21.096],[72.632,21.082],[72.619,21.114],[72.655,21.217],[72.601,21.323],[72.654,21.346],[72.692,21.452],[72.653,21.46],[72.706,21.527],[72.635,21.535],[72.612,21.585],[72.7,21.645],[72.807,21.651],[72.728,21.686],[72.528,21.678],[72.619,21.81],[72.632,21.916],[72.667,21.956],[72.595,21.931],[72.558,21.879],[72.515,21.885],[72.509,21.944],[72.58,22.197],[72.648,22.216],[72.758,22.174],[72.809,22.224],[72.913,22.24],[72.94,22.309],[72.911,22.267],[72.84,22.281],[72.764,22.234],[72.737,22.275],[72.517,22.306],[72.427,22.21],[72.419,22.302],[72.373,22.316],[72.324,22.144],[72.225,22.055],[72.242,21.976],[72.203,21.914],[72.243,21.83],[72.177,21.804],[72.235,21.697],[72.28,21.694],[72.305,21.61],[72.235,21.456],[72.098,21.279],[72.112,21.2],[72.017,21.154],[72.0,21.176],[71.971,21.129],[71.878,21.089],[71.831,21.098],[71.805,21.041],[71.511,20.945],[71.441,20.871],[71.38,20.875],[71.149,20.758],[70.92,20.743],[70.874,20.704],[70.803,20.701],[70.575,20.791],[70.587,20.813],[70.469,20.839],[70.157,21.057],[69.712,21.54],[69.217,21.958],[68.956,22.242],[68.936,22.311],[69.006,22.439],[69.083,22.474],[69.039,22.403],[69.199,22.401],[69.135,22.224],[69.157,22.195],[69.182,22.232],[69.238,22.223],[69.234,22.25],[69.352,22.327],[69.424,22.317],[69.544,22.377],[69.596,22.348],[69.656,22.36],[69.731,22.484],[69.804,22.424],[69.804,22.464],[69.862,22.462],[69.973,22.54],[70.121,22.554],[70.376,22.908],[70.414,22.927],[70.428,22.83],[70.461,22.853],[70.483,22.913],[70.464,22.967],[70.539,22.964],[70.561,23.029],[70.689,23.117],[70.712,23.214],[70.667,23.229],[70.636,23.185],[70.505,23.177],[70.408,23.218],[70.312,23.215],[70.308,23.181],[70.245,23.163],[70.063,22.955],[70.08,22.92],[69.939,22.898],[69.713,22.806],[69.431,22.809],[69.448,22.779],[69.322,22.832],[69.195,22.839],[68.761,23.079],[68.584,23.224],[68.623,23.259],[68.55,23.249],[68.532,23.281],[68.588,23.337],[68.459,23.367],[68.4,23.42],[68.468,23.505],[68.326,23.496],[68.31,23.579],[68.142,23.601],[68.094,23.667],[68.172,23.696],[68.208,23.875],[68.289,23.932],[68.334,23.926],[68.345,23.972],[68.75,23.971],[68.765,24.296],[68.808,24.314],[68.857,24.214],[68.946,24.303],[69.003,24.223],[69.095,24.274],[69.194,24.236],[69.313,24.281],[69.505,24.269],[69.594,24.293],[69.732,24.171],[70.025,24.171],[70.11,24.295],[70.573,24.422],[70.599,24.404],[70.562,24.351],[70.571,24.251],[70.806,24.221],[70.907,24.259],[70.878,24.302],[70.947,24.348],[71.049,24.356],[71.12,24.403],[71.103,24.436],[70.998,24.444],[70.987,24.543],[71.008,24.636],[71.097,24.689],[71.288,24.616],[71.348,24.661],[71.378,24.626],[71.478,24.68],[71.608,24.677],[71.655,24.639],[71.772,24.675],[71.852,24.609],[71.872,24.682],[71.941,24.634],[71.994,24.695],[72.058,24.712],[72.09,24.659],[72.165,24.621],[72.348,24.627],[72.339,24.6],[72.246,24.586],[72.444,24.508],[72.457,24.415],[72.5,24.417],[72.493,24.459],[72.537,24.52],[72.576,24.479],[72.681,24.465],[72.733,24.364],[72.85,24.372],[72.911,24.337],[72.978,24.373],[72.949,24.398],[73.0,24.483],[73.019,24.465],[73.086,24.498],[73.101,24.427],[73.077,24.397],[73.152,24.354],[73.219,24.364],[73.167,24.299],[73.135,24.308],[73.067,24.195],[73.214,24.078],[73.193,24.041],[73.239,24.004],[73.362,24.105],[73.405,24.041],[73.42,23.925],[73.361,23.873],[73.356,23.785],[73.411,23.78],[73.507,23.703],[73.494,23.632],[73.523,23.607],[73.569,23.653],[73.656,23.621],[73.636,23.449],[73.691,23.458],[73.713,23.414],[73.767,23.453],[73.833,23.436],[73.89,23.336],[73.962,23.381],[74.038,23.295],[74.139,23.266],[74.128,23.176],[74.253,23.172],[74.324,23.061]],[[72.967,20.3],[72.977,20.331],[72.967,20.3]]],[[[69.826,22.491],[69.785,22.489],[69.826,22.491]]],[[[68.54,23.347],[68.527,23.31],[68.5,23.322],[68.54,23.347]]],[[[69.971,22.57],[69.989,22.548],[69.945,22.568],[69.971,22.57]]],[[[70.017,22.6],[70.033,22.573],[70.001,22.555],[69.986,22.589],[70.017,22.6]]]]},"properties":{"ST_NM":"Gujarat"}},{"type":"Feature","geometry":{"type":"Polygon","coordinates":[[[72.762,11.183],[72.785,11.243],[72.762,11.183]]]},"properties":{"ST_NM":"Lakshadweep"}},{"type":"Feature","geometry":{"type":"Polygon","coordinates":[[[84.765,19.077],[84.696,19.127],[84.709,19.16],[84.669,19.167],[84.668,19.139],[84.601,19.128],[84.627,19.086],[84.661,19.089],[84.652,19.068],[84.592,19.023],[84.567,19.071],[84.495,19.032],[84.476,18.992],[84.448,19.004],[84.416,18.898],[84.36,18.862],[84.337,18.89],[84.351,18.833],[84.319,18.788],[84.224,18.8],[84.092,18.76],[84.036,18.817],[83.895,18.817],[83.793,19.019],[83.746,18.997],[83.786,18.917],[83.753,18.926],[83.723,19.022],[83.632,19.141],[83.6,19.136],[83.583,19.059],[83.547,19.079],[83.536,19.014],[83.465,19.089],[83.46,18.956],[83.399,19.01],[83.309,19.0],[83.325,18.933],[83.413,18.874],[83.404,18.845],[83.217,18.748],[83.137,18.786],[82.999,18.621],[83.044,18.545],[83.087,18.554],[83.019,18.457],[83.075,18.404],[83.053,18.381],[82.938,18.362],[82.902,18.374],[82.895,18.424],[82.801,18.45],[82.769,18.338],[82.655,18.297],[82.637,18.238],[82.59,18.281],[82.605,18.382],[82.541,18.4],[82.558,18.44],[82.532,18.51],[82.472,18.543],[82.363,18.422],[82.383,18.367],[82.338,18.324],[82.391,18.327],[82.391,18.299],[82.343,18.281],[82.309,18.205],[82.371,18.149],[82.339,18.151],[82.342,18.059],[82.271,18.058],[82.265,17.996],[82.075,18.076],[82.007,18.058],[81.963,18.002],[81.808,17.956],[81.71,17.874],[81.696,17.9],[81.662,17.882],[81.619,17.824],[81.389,17.83],[81.401,17.894],[81.448,17.889],[81.482,17.976],[81.531,18.265],[81.66,18.347],[81.75,18.354],[81.769,18.418],[81.963,18.595],[81.902,18.661],[81.949,18.644],[81.965,18.693],[82.085,18.719],[82.089,18.76],[82.156,18.785],[82.175,18.901],[82.246,18.919],[82.202,19.067],[82.219,19.095],[82.168,19.136],[82.186,19.166],[82.158,19.265],[82.186,19.337],[82.147,19.365],[82.189,19.415],[82.127,19.431],[82.1,19.517],[82.029,19.508],[82.066,19.783],[81.986,19.801],[81.968,19.86],[81.852,19.923],[81.865,20.027],[81.946,20.105],[82.033,20.016],[82.07,20.057],[82.188,19.986],[82.237,20.004],[82.345,19.836],[82.451,19.909],[82.604,19.866],[82.583,19.779],[82.652,19.832],[82.704,19.832],[82.71,19.997],[82.591,19.992],[82.401,20.055],[82.387,20.144],[82.436,20.286],[82.4,20.339],[82.438,20.434],[82.337,20.554],[82.377,20.632],[82.343,20.767],[82.352,20.889],[82.428,20.83],[82.47,20.834],[82.488,20.909],[82.56,20.947],[82.63,21.04],[82.637,21.148],[82.882,21.148],[82.965,21.193],[82.99,21.14],[83.139,21.109],[83.198,21.145],[83.23,21.272],[83.279,21.295],[83.274,21.377],[83.407,21.352],[83.338,21.502],[83.393,21.627],[83.443,21.655],[83.466,21.61],[83.487,21.643],[83.418,21.68],[83.489,21.748],[83.469,21.787],[83.493,21.818],[83.542,21.798],[83.532,21.832],[83.591,21.851],[83.574,21.875],[83.606,21.914],[83.537,21.978],[83.537,22.044],[83.59,22.055],[83.563,22.103],[83.666,22.233],[83.758,22.24],[83.866,22.343],[84.005,22.374],[84.046,22.463],[83.982,22.523],[84.142,22.472],[84.156,22.408],[84.291,22.343],[84.423,22.354],[84.503,22.42],[84.88,22.449],[84.909,22.423],[85.057,22.486],[85.089,22.32],[85.118,22.318],[85.072,22.276],[84.991,22.081],[85.024,22.109],[85.1,22.104],[85.239,22.009],[85.281,22.09],[85.371,22.161],[85.69,22.061],[85.807,22.116],[85.838,22.08],[85.796,22.081],[85.766,21.995],[85.826,21.975],[85.914,21.98],[86.009,22.118],[86.031,22.193],[85.974,22.247],[86.031,22.307],[85.998,22.345],[86.029,22.386],[85.96,22.461],[86.045,22.568],[86.124,22.489],[86.283,22.448],[86.411,22.32],[86.446,22.308],[86.499,22.346],[86.727,22.217],[86.722,22.147],[86.795,22.157],[86.838,22.098],[86.96,22.088],[87.028,22.038],[87.002,21.913],[87.04,21.867],[87.099,21.866],[87.097,21.914],[87.163,21.94],[87.163,21.969],[87.211,21.965],[87.255,21.927],[87.239,21.9],[87.277,21.805],[87.444,21.768],[87.486,21.61],[87.414,21.55],[87.357,21.569],[87.385,21.533],[87.202,21.531],[87.067,21.462],[86.945,21.353],[86.85,21.196],[86.852,21.095],[86.978,20.823],[86.972,20.794],[86.864,20.782],[86.805,20.733],[86.855,20.774],[87.022,20.77],[87.056,20.715],[86.776,20.522],[86.73,20.442],[86.733,20.395],[86.808,20.395],[86.771,20.324],[86.52,20.17],[86.355,19.948],[85.679,19.745],[85.307,19.562],[84.879,19.231],[84.765,19.077]]]},"properties":{"ST_NM":"Odisha"}},{"type":"Feature","geometry":{"type":"MultiPolygon","coordinates":[[[[73.211,20.12],[73.171,20.052],[73.056,20.099],[73.04,20.067],[72.96,20.134],[72.966,20.225],[72.917,20.281],[73.036,20.292],[73.105,20.35],[73.101,20.303],[73.151,20.317],[73.166,20.283],[73.06,20.223],[73.063,20.17],[73.107,20.158],[73.142,20.177],[73.133,20.206],[73.199,20.194],[73.189,20.128],[73.211,20.12]]],[[[72.821,20.368],[72.841,20.458],[72.888,20.461],[72.857,20.419],[72.898,20.421],[72.891,20.373],[72.821,20.368]]],[[[71.007,20.737],[70.979,20.705],[70.877,20.714],[70.92,20.743],[71.007,20.737]]]]},"properties":{"ST_NM":"Dadra and Nagar Haveli and Daman and Diu"}},{"type":"Feature","geometry":{"type":"Polygon","coordinates":[[[78.399,32.526],[78.326,32.472],[78.295,32.504],[78.313,32.574],[78.405,32.619],[78.388,32.757],[78.304,32.734],[78.312,32.709],[78.246,32.672],[78.143,32.682],[78.148,32.655],[78.111,32.663],[78.087,32.624],[78.047,32.645],[78.016,32.62],[77.921,32.689],[77.926,32.772],[77.781,32.866],[77.8,32.912],[77.713,32.983],[77.469,32.858],[77.397,32.879],[77.374,32.824],[77.339,32.817],[77.32,32.852],[77.164,32.919],[77.15,32.978],[76.973,33.0],[76.885,33.122],[76.855,33.114],[76.817,33.16],[76.845,33.242],[76.737,33.261],[76.629,33.435],[76.578,33.43],[76.447,33.564],[76.425,33.537],[76.384,33.552],[76.336,33.611],[76.3,33.601],[76.303,33.568],[76.226,33.547],[76.206,33.573],[76.23,33.631],[76.285,33.662],[76.271,33.731],[76.17,33.795],[76.048,33.929],[76.026,33.993],[75.852,33.981],[75.864,34.013],[75.713,34.115],[75.692,34.231],[75.655,34.243],[75.595,34.198],[75.497,34.233],[75.474,34.281],[75.393,34.295],[75.372,34.407],[75.32,34.435],[75.36,34.523],[75.288,34.598],[75.175,34.646],[75.021,34.626],[74.925,34.663],[74.733,34.671],[74.553,34.773],[74.357,34.79],[74.42,34.802],[74.457,34.853],[74.568,34.873],[74.587,35.01],[74.535,35.031],[74.515,35.095],[74.44,35.118],[74.38,35.058],[74.253,35.037],[74.228,35.083],[74.163,35.086],[74.101,35.145],[73.963,35.174],[73.916,35.212],[73.777,35.243],[73.731,35.217],[73.7,35.358],[73.795,35.461],[73.785,35.524],[73.635,35.571],[73.406,35.563],[73.272,35.629],[73.139,35.718],[73.152,35.842],[73.078,35.886],[72.929,35.845],[72.901,35.881],[72.83,35.887],[72.777,35.843],[72.69,35.832],[72.594,35.875],[72.533,35.917],[72.595,36.027],[72.531,36.072],[72.573,36.15],[72.563,36.216],[72.596,36.264],[72.689,36.266],[72.778,36.309],[72.889,36.397],[72.877,36.437],[72.991,36.457],[72.992,36.496],[73.112,36.609],[73.084,36.682],[73.435,36.744],[73.7,36.684],[73.724,36.709],[73.9,36.706],[73.863,36.788],[73.726,36.832],[73.689,36.911],[73.878,36.894],[74.051,36.806],[74.146,36.846],[74.173,36.903],[74.26,36.886],[74.428,36.989],[74.533,36.985],[74.578,36.948],[74.581,37.043],[74.684,37.074],[74.752,37.011],[74.833,37.024],[74.913,36.908],[75.018,36.976],[75.086,36.942],[75.208,37.036],[75.332,37.055],[75.354,36.977],[75.427,36.951],[75.408,36.916],[75.478,36.806],[75.615,36.761],[75.768,36.573],[75.922,36.502],[76.068,36.477],[76.254,36.347],[76.351,36.359],[76.431,36.308],[76.431,36.252],[76.481,36.211],[76.6,36.165],[76.636,36.184],[76.696,36.135],[76.725,36.078],[76.8,36.048],[76.804,36.016],[76.722,35.953],[76.803,35.85],[76.934,35.784],[77.118,35.796],[77.223,35.714],[77.357,35.717],[77.426,35.659],[77.426,35.61],[77.482,35.536],[77.321,35.536],[77.377,35.478],[77.724,35.477],[77.736,35.523],[77.905,35.469],[77.919,35.494],[77.97,35.458],[77.932,35.512],[77.964,35.603],[78.136,35.538],[78.196,35.666],[78.254,35.645],[78.272,35.721],[78.389,35.738],[78.422,35.785],[78.52,35.763],[78.717,35.868],[78.803,35.855],[78.957,35.891],[79.026,35.847],[79.138,35.838],[79.196,35.898],[79.188,35.947],[79.24,35.986],[79.377,35.995],[79.424,35.895],[79.744,35.8],[79.867,35.782],[79.998,35.837],[80.104,35.683],[80.293,35.602],[80.327,35.472],[80.279,35.44],[80.269,35.344],[80.182,35.166],[80.169,34.988],[80.072,34.828],[80.067,34.714],[79.859,34.688],[79.77,34.622],[79.791,34.592],[79.757,34.554],[79.809,34.531],[79.792,34.485],[79.592,34.5],[79.507,34.474],[79.527,34.418],[79.558,34.411],[79.583,34.238],[79.51,34.21],[79.493,34.136],[79.419,34.078],[79.418,34.014],[79.177,34.072],[79.111,34.019],[79.013,34.05],[78.904,33.976],[79.019,33.775],[79.068,33.758],[79.019,33.705],[79.091,33.679],[79.104,33.613],[78.918,33.633],[78.952,33.381],[78.992,33.33],[79.096,33.294],[79.453,33.258],[79.376,33.084],[79.392,33.036],[79.334,33.016],[79.421,32.961],[79.625,32.737],[79.447,32.532],[79.317,32.59],[79.24,32.51],[79.13,32.471],[79.146,32.437],[79.114,32.384],[79.013,32.377],[78.978,32.339],[78.826,32.438],[78.775,32.558],[78.768,32.686],[78.661,32.653],[78.618,32.596],[78.572,32.617],[78.471,32.583],[78.399,32.526]]]},"properties":{"ST_NM":"Ladakh"}},{"type":"Feature","geometry":{"type":"Polygon","coordinates":[[[76.771,33.25],[76.747,33.179],[76.646,33.162],[76.567,33.21],[76.41,33.187],[76.292,33.103],[76.277,33.037],[76.112,33.006],[76.097,32.964],[75.954,32.873],[75.842,32.929],[75.811,32.878],[75.926,32.746],[75.901,32.699],[75.916,32.613],[75.823,32.495],[75.73,32.453],[75.724,32.41],[75.56,32.357],[75.533,32.278],[75.466,32.327],[75.332,32.327],[75.027,32.496],[75.019,32.468],[74.947,32.447],[74.86,32.492],[74.711,32.478],[74.681,32.492],[74.69,32.535],[74.65,32.597],[74.696,32.666],[74.653,32.697],[74.705,32.842],[74.656,32.833],[74.631,32.767],[74.594,32.756],[74.51,32.747],[74.46,32.789],[74.354,32.763],[74.177,32.883],[73.987,32.935],[73.996,32.96],[73.957,32.987],[73.822,33.005],[73.786,32.965],[73.734,33.066],[73.631,33.086],[73.657,33.205],[73.605,33.251],[73.558,33.368],[73.589,33.444],[73.624,33.457],[73.595,33.492],[73.63,33.538],[73.561,33.621],[73.597,33.728],[73.558,33.783],[73.585,33.899],[73.514,34.006],[73.492,34.22],[73.393,34.381],[73.447,34.574],[73.553,34.593],[73.65,34.568],[73.693,34.657],[73.67,34.689],[73.749,34.787],[73.917,34.814],[74.029,34.877],[74.073,34.941],[74.059,34.991],[74.103,35.014],[74.066,35.048],[74.094,35.097],[74.228,35.083],[74.269,35.035],[74.38,35.058],[74.44,35.118],[74.498,35.107],[74.542,35.067],[74.535,35.031],[74.587,35.01],[74.568,34.873],[74.457,34.853],[74.42,34.802],[74.357,34.79],[74.553,34.773],[74.733,34.671],[75.245,34.625],[75.36,34.523],[75.32,34.435],[75.372,34.407],[75.393,34.295],[75.474,34.281],[75.497,34.233],[75.595,34.198],[75.655,34.243],[75.692,34.231],[75.713,34.115],[75.864,34.013],[75.852,33.981],[76.026,33.993],[76.048,33.929],[76.17,33.795],[76.271,33.731],[76.285,33.662],[76.23,33.631],[76.206,33.573],[76.226,33.547],[76.303,33.568],[76.3,33.601],[76.336,33.611],[76.384,33.552],[76.425,33.537],[76.447,33.564],[76.578,33.43],[76.629,33.435],[76.658,33.358],[76.771,33.25]]]},"properties":{"ST_NM":"Jammu & Kashmir"}},{"type":"Feature","geometry":{"type":"Polygon","coordinates":[[[83.33,24.102],[83.434,24.084],[83.454,24.041],[83.508,24.031],[83.586,23.883],[83.569,23.867],[83.708,23.817],[83.746,23.72],[83.724,23.684],[83.777,23.608],[83.94,23.571],[83.932,23.62],[84.009,23.628],[84.028,23.546],[83.971,23.467],[83.962,23.385],[84.012,23.354],[84.051,23.375],[84.074,23.334],[84.04,23.137],[84.133,23.083],[84.149,22.965],[84.186,23.027],[84.219,22.979],[84.38,22.972],[84.396,22.926],[84.289,22.766],[84.23,22.737],[84.221,22.668],[84.084,22.638],[84.012,22.576],[84.009,22.526],[83.975,22.512],[84.047,22.437],[84.005,22.374],[83.866,22.343],[83.758,22.24],[83.666,22.233],[83.563,22.103],[83.59,22.055],[83.537,22.044],[83.537,21.978],[83.606,21.914],[83.574,21.875],[83.591,21.851],[83.532,21.832],[83.542,21.798],[83.493,21.818],[83.469,21.787],[83.489,21.748],[83.418,21.68],[83.487,21.643],[83.466,21.61],[83.443,21.655],[83.393,21.627],[83.338,21.502],[83.407,21.352],[83.274,21.377],[83.279,21.295],[83.23,21.272],[83.198,21.145],[83.139,21.109],[82.99,21.14],[82.965,21.193],[82.882,21.148],[82.637,21.148],[82.63,21.04],[82.56,20.947],[82.488,20.909],[82.47,20.834],[82.428,20.83],[82.352,20.889],[82.343,20.767],[82.377,20.632],[82.337,20.554],[82.438,20.434],[82.4,20.339],[82.436,20.286],[82.387,20.144],[82.401,20.055],[82.591,19.992],[82.71,19.997],[82.718,19.854],[82.583,19.779],[82.604,19.866],[82.451,19.909],[82.345,19.836],[82.237,20.004],[82.188,19.986],[82.07,20.057],[82.033,20.016],[81.946,20.105],[81.865,20.027],[81.852,19.923],[81.968,19.86],[81.986,19.801],[82.066,19.783],[82.029,19.508],[82.1,19.517],[82.127,19.431],[82.189,19.415],[82.147,19.365],[82.186,19.337],[82.158,19.265],[82.186,19.166],[82.168,19.136],[82.219,19.095],[82.202,19.067],[82.246,18.919],[82.175,18.901],[82.156,18.785],[82.089,18.76],[82.085,18.719],[81.965,18.693],[81.949,18.644],[81.902,18.661],[81.963,18.595],[81.769,18.418],[81.75,18.354],[81.66,18.347],[81.531,18.265],[81.482,17.976],[81.448,17.889],[81.401,17.894],[81.393,17.795],[81.168,17.856],[81.047,17.782],[81.008,17.798],[80.953,18.082],[80.979,18.179],[80.867,18.14],[80.866,18.234],[80.824,18.239],[80.799,18.172],[80.737,18.177],[80.737,18.222],[80.792,18.251],[80.733,18.403],[80.638,18.523],[80.489,18.631],[80.343,18.598],[80.244,18.756],[80.354,18.827],[80.269,18.95],[80.34,19.1],[80.328,19.135],[80.394,19.189],[80.394,19.245],[80.438,19.258],[80.563,19.399],[80.613,19.309],[80.683,19.329],[80.69,19.287],[80.76,19.291],[80.853,19.364],[80.813,19.434],[80.898,19.482],[80.896,19.519],[80.857,19.523],[80.837,19.566],[80.67,19.609],[80.676,19.699],[80.553,19.765],[80.547,19.818],[80.481,19.828],[80.49,19.771],[80.405,19.794],[80.506,19.871],[80.494,19.9],[80.408,19.913],[80.411,19.938],[80.452,19.957],[80.524,19.934],[80.557,20.07],[80.506,20.144],[80.402,20.147],[80.422,20.207],[80.398,20.244],[80.517,20.266],[80.626,20.333],[80.591,20.393],[80.623,20.589],[80.601,20.609],[80.504,20.583],[80.481,20.618],[80.588,20.683],[80.552,20.764],[80.548,20.912],[80.464,20.929],[80.426,21.006],[80.464,21.175],[80.617,21.23],[80.68,21.299],[80.66,21.334],[80.735,21.461],[80.734,21.729],[80.747,21.756],[80.804,21.745],[80.839,21.8],[80.835,21.955],[80.908,22.11],[80.95,22.117],[80.969,22.059],[81.009,22.068],[80.98,22.127],[81.022,22.133],[81.023,22.229],[81.09,22.247],[81.118,22.291],[81.11,22.436],[81.194,22.491],[81.232,22.452],[81.338,22.52],[81.382,22.51],[81.396,22.44],[81.533,22.539],[81.629,22.544],[81.683,22.647],[81.729,22.676],[81.755,22.646],[81.772,22.676],[81.752,22.727],[81.794,22.766],[81.776,22.874],[81.862,22.889],[81.946,22.957],[81.93,23.062],[82.036,23.081],[82.067,23.116],[82.123,23.104],[82.161,23.143],[82.146,23.227],[82.193,23.277],[82.192,23.327],[82.119,23.354],[82.102,23.398],[82.057,23.377],[82.021,23.389],[82.025,23.425],[81.985,23.415],[81.923,23.533],[81.837,23.511],[81.81,23.549],[81.736,23.566],[81.627,23.482],[81.577,23.585],[81.696,23.721],[81.603,23.854],[81.61,23.904],[81.688,23.907],[81.725,23.845],[81.823,23.808],[81.921,23.871],[82.082,23.816],[82.178,23.821],[82.208,23.852],[82.238,23.806],[82.471,23.811],[82.525,23.784],[82.554,23.826],[82.668,23.872],[82.662,23.908],[82.752,23.92],[82.81,23.963],[82.954,23.871],[83.141,23.885],[83.208,23.921],[83.243,24.012],[83.279,24.018],[83.33,24.102]]]},"properties":{"ST_NM":"Chhattisgarh"}},{"type":"Feature","geometry":{"type":"Polygon","coordinates":[[[77.21,28.858],[77.199,28.798],[77.326,28.71],[77.316,28.641],[77.343,28.622],[77.297,28.566],[77.345,28.513],[77.327,28.49],[77.243,28.479],[77.25,28.424],[77.174,28.405],[77.08,28.518],[77.007,28.541],[77.01,28.515],[76.88,28.505],[76.84,28.582],[76.888,28.632],[76.945,28.633],[76.925,28.65],[76.968,28.7],[76.951,28.818],[77.04,28.832],[77.062,28.871],[77.154,28.837],[77.21,28.858]]]},"properties":{"ST_NM":"Delhi"}},{"type":"Feature","geometry":{"type":"Polygon","coordinates":[[[74.118,15.652],[74.252,15.654],[74.279,15.518],[74.251,15.492],[74.336,15.296],[74.252,15.251],[74.314,15.18],[74.273,15.098],[74.297,15.041],[74.252,14.959],[74.2,14.926],[74.163,14.958],[74.162,14.912],[74.086,14.901],[74.044,14.918],[74.035,14.997],[73.924,15.092],[73.949,15.145],[73.879,15.363],[73.808,15.377],[73.804,15.406],[73.922,15.405],[73.918,15.426],[73.813,15.456],[73.81,15.496],[73.769,15.491],[73.675,15.727],[73.825,15.742],[73.856,15.801],[73.878,15.749],[73.939,15.743],[73.991,15.611],[74.118,15.652]]]},"properties":{"ST_NM":"Goa"}},{"type":"Feature","geometry":{"type":"Polygon","coordinates":[[[77.586,30.38],[77.587,30.314],[77.43,30.164],[77.406,30.089],[77.276,30.038],[77.276,29.997],[77.186,29.908],[77.179,29.813],[77.12,29.755],[77.156,29.698],[77.087,29.593],[77.127,29.558],[77.096,29.52],[77.148,29.434],[77.126,29.351],[77.161,29.332],[77.134,29.095],[77.188,29.03],[77.228,28.881],[77.198,28.888],[77.21,28.858],[77.154,28.837],[77.062,28.871],[77.04,28.832],[76.951,28.818],[76.968,28.7],[76.925,28.65],[76.945,28.633],[76.888,28.632],[76.84,28.582],[76.891,28.501],[77.01,28.515],[77.007,28.541],[77.08,28.518],[77.174,28.405],[77.25,28.424],[77.243,28.479],[77.345,28.513],[77.478,28.419],[77.505,28.363],[77.472,28.337],[77.506,28.304],[77.493,28.252],[77.547,28.238],[77.498,28.185],[77.549,28.176],[77.502,28.161],[77.512,28.125],[77.474,28.087],[77.545,27.954],[77.529,27.926],[77.475,27.929],[77.451,27.871],[77.422,27.891],[77.413,27.852],[77.349,27.856],[77.252,27.791],[77.202,27.823],[77.108,27.786],[77.045,27.822],[77.036,27.782],[77.086,27.738],[77.0,27.737],[76.979,27.654],[76.942,27.674],[76.915,27.653],[76.919,27.71],[76.894,27.718],[76.943,27.854],[76.931,27.993],[76.971,28.138],[76.875,28.218],[76.805,28.206],[76.795,28.148],[76.657,28.089],[76.668,28.014],[76.545,27.964],[76.544,28.034],[76.455,28.042],[76.501,28.06],[76.452,28.091],[76.499,28.1],[76.476,28.149],[76.366,28.137],[76.292,28.179],[76.36,28.125],[76.301,28.098],[76.357,28.067],[76.342,28.031],[76.292,28.026],[76.261,28.068],[76.189,28.056],[76.16,27.998],[76.187,27.965],[76.168,27.903],[76.201,27.893],[76.217,27.817],[76.181,27.798],[76.088,27.861],[76.048,27.835],[75.971,27.852],[75.987,27.904],[75.933,27.929],[75.973,27.933],[75.977,28.031],[76.016,28.03],[76.041,28.074],[75.975,28.051],[75.983,28.081],[75.939,28.088],[75.946,28.108],[76.026,28.165],[76.095,28.151],[76.013,28.244],[76.026,28.275],[75.93,28.359],[75.777,28.4],[75.788,28.454],[75.634,28.544],[75.619,28.603],[75.561,28.613],[75.52,28.835],[75.473,28.923],[75.527,28.971],[75.521,29.004],[75.391,29.063],[75.406,29.12],[75.375,29.135],[75.407,29.17],[75.411,29.256],[75.33,29.233],[75.323,29.289],[75.238,29.23],[75.196,29.263],[75.075,29.23],[75.05,29.286],[74.962,29.28],[74.938,29.362],[74.851,29.404],[74.782,29.358],[74.658,29.372],[74.654,29.333],[74.604,29.327],[74.566,29.421],[74.537,29.425],[74.543,29.468],[74.585,29.458],[74.623,29.531],[74.576,29.56],[74.616,29.752],[74.477,29.745],[74.484,29.814],[74.561,29.87],[74.51,29.908],[74.527,29.943],[74.647,29.904],[74.702,29.972],[74.806,29.992],[74.923,29.952],[74.99,29.868],[75.07,29.877],[75.089,29.917],[75.115,29.879],[75.101,29.807],[75.151,29.776],[75.164,29.824],[75.21,29.833],[75.242,29.755],[75.168,29.667],[75.235,29.602],[75.242,29.546],[75.309,29.561],[75.296,29.625],[75.462,29.808],[75.572,29.743],[75.678,29.776],[75.703,29.752],[75.721,29.813],[75.835,29.814],[75.87,29.749],[75.984,29.727],[76.043,29.743],[76.105,29.812],[76.129,29.797],[76.244,29.852],[76.186,29.892],[76.178,29.942],[76.249,30.085],[76.227,30.145],[76.34,30.099],[76.35,30.147],[76.399,30.116],[76.387,30.171],[76.422,30.192],[76.463,30.101],[76.547,30.076],[76.575,30.102],[76.553,30.122],[76.599,30.113],[76.64,30.15],[76.6,30.184],[76.653,30.201],[76.621,30.205],[76.603,30.252],[76.566,30.232],[76.557,30.262],[76.623,30.265],[76.748,30.353],[76.713,30.388],[76.735,30.419],[76.851,30.435],[76.898,30.359],[76.939,30.395],[76.886,30.43],[76.931,30.501],[76.896,30.538],[76.926,30.61],[76.874,30.674],[76.833,30.663],[76.857,30.795],[76.777,30.904],[76.825,30.927],[76.841,30.892],[76.915,30.89],[76.949,30.824],[77.011,30.811],[77.021,30.74],[77.097,30.738],[77.164,30.686],[77.172,30.601],[77.124,30.565],[77.193,30.526],[77.208,30.474],[77.354,30.458],[77.403,30.412],[77.434,30.431],[77.423,30.403],[77.505,30.408],[77.518,30.443],[77.586,30.38]]]},"properties":{"ST_NM":"Haryana"}},{"type":"Feature","geometry":{"type":"Polygon","coordinates":[[[78.399,32.526],[78.465,32.486],[78.454,32.452],[78.535,32.414],[78.484,32.354],[78.455,32.242],[78.559,32.244],[78.609,32.214],[78.59,32.154],[78.612,32.119],[78.776,31.987],[78.706,31.774],[78.75,31.681],[78.799,31.682],[78.847,31.608],[78.72,31.507],[78.798,31.443],[78.751,31.363],[78.792,31.305],[78.876,31.303],[79.006,31.119],[78.89,31.097],[78.81,31.198],[78.662,31.189],[78.607,31.229],[78.484,31.199],[78.37,31.286],[78.029,31.163],[77.908,31.154],[77.817,31.056],[77.81,30.956],[77.749,30.954],[77.762,30.919],[77.816,30.91],[77.806,30.853],[77.763,30.88],[77.761,30.826],[77.704,30.766],[77.787,30.641],[77.743,30.596],[77.772,30.559],[77.817,30.561],[77.819,30.508],[77.599,30.428],[77.586,30.38],[77.518,30.443],[77.505,30.408],[77.423,30.403],[77.434,30.431],[77.403,30.412],[77.354,30.458],[77.208,30.474],[77.193,30.526],[77.124,30.565],[77.172,30.601],[77.164,30.686],[77.097,30.738],[77.021,30.74],[77.011,30.811],[76.949,30.824],[76.915,30.89],[76.841,30.892],[76.825,30.927],[76.777,30.904],[76.625,30.999],[76.639,31.108],[76.602,31.153],[76.645,31.209],[76.593,31.212],[76.612,31.25],[76.588,31.274],[76.499,31.27],[76.379,31.428],[76.331,31.401],[76.311,31.32],[76.191,31.3],[76.149,31.353],[76.153,31.434],[76.018,31.632],[75.912,31.94],[75.751,32.038],[75.594,32.079],[75.673,32.159],[75.663,32.192],[75.625,32.19],[75.618,32.237],[75.773,32.29],[75.874,32.396],[75.932,32.399],[75.834,32.512],[75.916,32.613],[75.901,32.699],[75.926,32.746],[75.816,32.862],[75.842,32.929],[75.954,32.873],[76.097,32.964],[76.112,33.006],[76.277,33.037],[76.292,33.103],[76.41,33.187],[76.567,33.21],[76.646,33.162],[76.747,33.179],[76.793,33.257],[76.845,33.242],[76.817,33.16],[76.855,33.114],[76.885,33.122],[76.973,33.0],[77.15,32.978],[77.164,32.919],[77.32,32.852],[77.339,32.817],[77.374,32.824],[77.397,32.879],[77.469,32.858],[77.713,32.983],[77.8,32.912],[77.781,32.866],[77.926,32.772],[77.921,32.689],[78.016,32.62],[78.047,32.645],[78.087,32.624],[78.111,32.663],[78.148,32.655],[78.143,32.682],[78.246,32.672],[78.312,32.709],[78.304,32.734],[78.388,32.757],[78.405,32.619],[78.313,32.574],[78.295,32.504],[78.326,32.472],[78.399,32.526]]]},"properties":{"ST_NM":"Himachal Pradesh"}},{"type":"Feature","geometry":{"type":"Polygon","coordinates":[[[87.711,25.258],[87.779,25.251],[87.795,25.09],[87.94,24.991],[87.961,24.923],[87.891,24.855],[87.869,24.775],[87.823,24.77],[87.908,24.722],[87.913,24.597],[87.828,24.558],[87.772,24.584],[87.809,24.547],[87.824,24.458],[87.761,24.308],[87.639,24.214],[87.698,24.187],[87.694,24.149],[87.578,24.155],[87.61,24.133],[87.559,24.081],[87.5,24.116],[87.509,24.032],[87.452,24.016],[87.44,23.982],[87.248,24.045],[87.295,23.901],[87.269,23.874],[87.244,23.903],[87.241,23.826],[87.129,23.869],[87.167,23.825],[87.12,23.798],[86.894,23.877],[86.894,23.826],[86.863,23.845],[86.809,23.819],[86.828,23.753],[86.799,23.688],[86.718,23.699],[86.462,23.63],[86.388,23.574],[86.351,23.442],[86.31,23.412],[86.231,23.43],[86.233,23.462],[86.159,23.468],[86.159,23.559],[86.042,23.586],[86.026,23.486],[85.868,23.465],[85.891,23.397],[85.821,23.27],[85.895,23.155],[86.037,23.147],[86.049,23.106],[86.146,23.075],[86.156,23.033],[86.224,22.995],[86.293,23.014],[86.549,22.978],[86.436,22.923],[86.465,22.895],[86.419,22.791],[86.503,22.717],[86.619,22.679],[86.659,22.576],[86.766,22.576],[86.802,22.502],[86.751,22.456],[86.844,22.402],[86.833,22.324],[86.888,22.297],[86.887,22.258],[86.823,22.266],[86.802,22.218],[86.778,22.237],[86.757,22.211],[86.656,22.236],[86.499,22.346],[86.446,22.308],[86.411,22.32],[86.283,22.448],[86.124,22.489],[86.045,22.568],[85.96,22.461],[86.029,22.386],[85.998,22.345],[86.031,22.307],[85.974,22.247],[86.031,22.193],[85.914,21.98],[85.766,21.995],[85.796,22.081],[85.838,22.08],[85.807,22.116],[85.69,22.061],[85.645,22.095],[85.547,22.09],[85.412,22.162],[85.323,22.127],[85.239,22.009],[85.1,22.104],[84.984,22.095],[85.025,22.118],[85.072,22.276],[85.118,22.318],[85.077,22.356],[85.078,22.477],[84.954,22.459],[84.909,22.423],[84.88,22.449],[84.503,22.42],[84.423,22.354],[84.291,22.343],[84.156,22.408],[84.142,22.472],[84.009,22.526],[84.012,22.576],[84.084,22.638],[84.221,22.668],[84.23,22.737],[84.289,22.766],[84.335,22.862],[84.371,22.865],[84.396,22.939],[84.38,22.972],[84.219,22.979],[84.186,23.027],[84.149,22.965],[84.133,23.083],[84.04,23.137],[84.074,23.334],[84.051,23.375],[84.012,23.354],[83.962,23.385],[83.971,23.467],[84.028,23.546],[84.009,23.628],[83.932,23.62],[83.94,23.571],[83.777,23.608],[83.724,23.684],[83.746,23.72],[83.708,23.817],[83.569,23.867],[83.586,23.883],[83.508,24.031],[83.454,24.041],[83.434,24.084],[83.33,24.102],[83.408,24.263],[83.38,24.313],[83.448,24.371],[83.386,24.458],[83.402,24.503],[83.873,24.532],[83.933,24.547],[84.008,24.643],[84.104,24.481],[84.146,24.538],[84.179,24.505],[84.173,24.545],[84.259,24.534],[84.298,24.559],[84.327,24.487],[84.297,24.45],[84.501,24.288],[84.568,24.409],[84.665,24.392],[84.686,24.456],[84.802,24.531],[84.839,24.513],[84.833,24.47],[84.887,24.463],[84.917,24.373],[85.031,24.416],[85.079,24.415],[85.074,24.377],[85.099,24.374],[85.174,24.421],[85.162,24.461],[85.282,24.492],[85.292,24.524],[85.491,24.548],[85.524,24.521],[85.581,24.601],[85.669,24.58],[85.649,24.685],[85.709,24.727],[85.742,24.82],[85.867,24.805],[85.938,24.735],[86.055,24.78],[86.129,24.699],[86.125,24.611],[86.318,24.578],[86.276,24.466],[86.445,24.368],[86.517,24.535],[86.603,24.602],[86.669,24.566],[86.787,24.616],[86.811,24.569],[86.86,24.556],[86.918,24.558],[86.93,24.627],[86.978,24.64],[87.051,24.609],[87.077,24.808],[87.157,24.883],[87.146,25.009],[87.213,25.091],[87.296,25.089],[87.335,25.216],[87.392,25.228],[87.478,25.194],[87.487,25.296],[87.532,25.28],[87.552,25.333],[87.692,25.312],[87.711,25.258]]]},"properties":{"ST_NM":"Jharkhand"}},{"type":"Feature","geometry":{"type":"MultiPolygon","coordinates":[[[[79.781,11.903],[79.785,11.863],[79.781,11.903]]],[[[79.211,9.251],[79.193,9.224],[79.176,9.244],[79.211,9.251]]],[[[79.874,12.043],[79.85,12.052],[79.841,11.956],[79.81,11.975],[79.749,11.922],[79.748,12.008],[79.692,11.951],[79.741,11.905],[79.713,11.861],[79.77,11.875],[79.764,11.847],[79.808,11.836],[79.737,11.842],[79.72,11.785],[79.796,11.785],[79.757,11.558],[79.843,11.351],[79.854,10.983],[79.747,11.003],[79.759,10.961],[79.721,10.969],[79.725,10.929],[79.824,10.884],[79.808,10.856],[79.851,10.828],[79.876,10.295],[79.768,10.272],[79.381,10.316],[79.3,10.265],[79.229,10.149],[79.266,10.039],[78.98,9.69],[78.899,9.491],[78.934,9.412],[79.067,9.298],[79.213,9.283],[79.33,9.32],[79.314,9.279],[79.392,9.19],[79.19,9.282],[78.981,9.274],[78.665,9.194],[78.575,9.13],[78.415,9.114],[78.228,8.974],[78.172,8.884],[78.161,8.805],[78.199,8.768],[78.139,8.68],[78.143,8.502],[78.064,8.412],[78.065,8.373],[77.841,8.252],[77.794,8.162],[77.604,8.146],[77.556,8.077],[77.315,8.122],[77.098,8.292],[77.158,8.328],[77.167,8.384],[77.227,8.447],[77.214,8.512],[77.262,8.507],[77.284,8.547],[77.179,8.731],[77.264,8.842],[77.257,8.878],[77.149,9.01],[77.268,9.153],[77.3,9.337],[77.412,9.509],[77.366,9.535],[77.355,9.604],[77.339,9.573],[77.304,9.599],[77.27,9.573],[77.168,9.615],[77.247,9.798],[77.218,9.905],[77.273,9.964],[77.262,10.034],[77.201,10.107],[77.275,10.131],[77.295,10.219],[77.228,10.315],[77.235,10.353],[77.176,10.359],[76.984,10.222],[76.91,10.235],[76.87,10.298],[76.83,10.303],[76.839,10.596],[76.812,10.62],[76.882,10.639],[76.866,10.684],[76.907,10.783],[76.848,10.82],[76.831,10.871],[76.659,10.931],[76.7,11.027],[76.767,11.029],[76.748,11.135],[76.695,11.167],[76.736,11.216],[76.707,11.238],[76.629,11.194],[76.534,11.186],[76.499,11.211],[76.458,11.188],[76.453,11.239],[76.522,11.271],[76.548,11.359],[76.46,11.389],[76.419,11.442],[76.284,11.483],[76.247,11.468],[76.233,11.568],[76.279,11.601],[76.302,11.571],[76.355,11.589],[76.512,11.705],[76.57,11.618],[76.856,11.599],[76.835,11.64],[76.909,11.795],[76.97,11.777],[77.013,11.815],[77.105,11.733],[77.111,11.774],[77.25,11.813],[77.428,11.767],[77.493,11.941],[77.669,11.949],[77.776,12.119],[77.731,12.18],[77.493,12.197],[77.471,12.244],[77.62,12.383],[77.635,12.487],[77.584,12.479],[77.615,12.504],[77.579,12.573],[77.599,12.667],[77.74,12.674],[77.794,12.758],[77.799,12.852],[77.836,12.87],[77.929,12.891],[77.917,12.838],[77.941,12.823],[77.953,12.85],[77.989,12.808],[78.031,12.853],[78.077,12.84],[78.134,12.782],[78.231,12.761],[78.211,12.686],[78.276,12.702],[78.379,12.625],[78.472,12.632],[78.504,12.725],[78.555,12.699],[78.557,12.757],[78.592,12.783],[78.653,12.929],[78.621,12.991],[78.656,13.031],[78.705,13.015],[78.714,13.069],[78.881,13.098],[78.892,13.033],[78.924,13.081],[78.982,13.086],[79.081,13.026],[79.163,13.02],[79.234,13.105],[79.227,13.159],[79.277,13.156],[79.31,13.112],[79.365,13.131],[79.356,13.165],[79.392,13.192],[79.432,13.189],[79.454,13.217],[79.418,13.243],[79.436,13.291],[79.388,13.318],[79.436,13.35],[79.537,13.339],[79.54,13.272],[79.574,13.259],[79.683,13.288],[79.703,13.222],[79.733,13.237],[79.76,13.207],[79.795,13.242],[79.739,13.291],[79.931,13.352],[79.972,13.469],[80.047,13.494],[80.0,13.542],[80.081,13.55],[80.078,13.489],[80.242,13.472],[80.268,13.564],[80.346,13.315],[80.26,12.937],[80.255,12.783],[80.138,12.411],[79.874,12.043]],[[79.693,12.035],[79.657,11.991],[79.718,11.995],[79.693,12.035]],[[79.638,11.986],[79.648,12.02],[79.619,12.001],[79.625,11.903],[79.669,11.918],[79.638,11.986]],[[79.686,11.973],[79.654,11.954],[79.686,11.973]],[[79.617,11.884],[79.657,11.852],[79.617,11.884]],[[79.647,11.844],[79.663,11.813],[79.647,11.844]]]]},"properties":{"ST_NM":"Tamil Nadu"}},{"type":"Feature","geometry":{"type":"MultiPolygon","coordinates":[[[[79.396,25.032],[79.365,25.128],[79.426,25.059],[79.396,25.032]]],[[[80.065,28.837],[80.251,28.757],[80.326,28.666],[80.462,28.622],[80.523,28.555],[80.503,28.664],[80.555,28.691],[80.611,28.639],[80.667,28.642],[80.69,28.588],[80.769,28.566],[80.784,28.529],[80.896,28.507],[80.905,28.466],[81.211,28.361],[81.233,28.289],[81.321,28.197],[81.318,28.145],[81.444,28.162],[81.478,28.083],[81.699,27.988],[81.899,27.854],[81.968,27.929],[82.07,27.923],[82.121,27.866],[82.208,27.843],[82.449,27.68],[82.709,27.716],[82.754,27.585],[82.735,27.503],[82.929,27.501],[83.035,27.449],[83.188,27.454],[83.296,27.334],[83.388,27.376],[83.392,27.478],[83.615,27.469],[83.831,27.37],[83.864,27.344],[83.837,27.322],[83.926,27.322],[83.912,27.246],[83.987,27.198],[83.946,27.092],[84.029,27.087],[84.006,27.06],[84.049,27.035],[84.052,26.906],[84.08,26.878],[84.13,26.893],[84.166,26.834],[84.219,26.871],[84.254,26.857],[84.233,26.754],[84.255,26.727],[84.306,26.75],[84.33,26.684],[84.411,26.67],[84.42,26.626],[84.285,26.6],[84.088,26.636],[84.048,26.536],[83.906,26.512],[83.911,26.45],[84.019,26.447],[84.068,26.388],[84.176,26.373],[84.177,26.265],[84.08,26.222],[84.012,26.232],[84.01,26.174],[84.056,26.1],[84.121,26.077],[84.176,25.997],[84.297,25.945],[84.354,25.959],[84.428,25.891],[84.534,25.876],[84.531,25.832],[84.625,25.792],[84.607,25.772],[84.635,25.728],[84.56,25.737],[84.561,25.684],[84.52,25.675],[84.337,25.744],[84.324,25.67],[84.294,25.66],[84.206,25.67],[84.154,25.727],[84.105,25.721],[84.075,25.695],[84.081,25.636],[83.876,25.518],[83.808,25.409],[83.702,25.396],[83.63,25.33],[83.409,25.246],[83.354,25.189],[83.366,25.125],[83.32,25.017],[83.351,25.009],[83.358,24.871],[83.393,24.841],[83.397,24.779],[83.49,24.734],[83.52,24.678],[83.502,24.649],[83.544,24.628],[83.503,24.525],[83.402,24.503],[83.386,24.458],[83.448,24.371],[83.38,24.313],[83.408,24.263],[83.355,24.127],[83.279,24.018],[83.243,24.012],[83.208,23.921],[83.075,23.87],[82.937,23.877],[82.81,23.963],[82.804,24.004],[82.751,24.012],[82.774,24.075],[82.714,24.075],[82.665,24.13],[82.683,24.155],[82.728,24.136],[82.744,24.166],[82.77,24.345],[82.765,24.375],[82.713,24.381],[82.743,24.499],[82.721,24.514],[82.801,24.58],[82.767,24.595],[82.774,24.642],[82.698,24.647],[82.671,24.697],[82.539,24.648],[82.428,24.702],[82.422,24.599],[82.301,24.608],[82.303,24.656],[82.235,24.671],[82.256,24.749],[82.011,24.847],[81.944,24.841],[81.908,24.881],[81.891,24.996],[81.793,25.004],[81.669,25.072],[81.612,25.056],[81.638,25.099],[81.606,25.117],[81.626,25.161],[81.579,25.191],[81.513,25.177],[81.537,25.161],[81.484,25.116],[81.499,25.077],[81.422,25.099],[81.445,25.116],[81.356,25.163],[81.292,25.162],[81.263,25.052],[81.209,24.993],[81.215,24.933],[81.172,24.957],[81.14,24.888],[81.09,24.946],[80.957,24.93],[80.95,24.964],[80.812,24.923],[80.904,25.159],[80.882,25.183],[80.843,25.186],[80.825,25.121],[80.718,25.131],[80.775,25.055],[80.681,25.053],[80.615,25.093],[80.633,25.123],[80.602,25.15],[80.592,25.09],[80.552,25.063],[80.507,25.084],[80.503,25.045],[80.546,25.032],[80.48,24.976],[80.436,25.028],[80.474,25.031],[80.449,25.079],[80.393,25.064],[80.394,25.009],[80.363,25.024],[80.331,24.992],[80.274,25.026],[80.291,25.06],[80.346,25.065],[80.376,25.115],[80.357,25.142],[80.432,25.178],[80.404,25.244],[80.311,25.286],[80.316,25.386],[80.264,25.424],[80.131,25.334],[80.034,25.342],[80.003,25.267],[79.877,25.251],[79.851,25.227],[79.844,25.094],[79.747,25.139],[79.608,25.128],[79.569,25.172],[79.483,25.08],[79.474,25.12],[79.405,25.106],[79.39,25.17],[79.482,25.269],[79.409,25.256],[79.3,25.338],[79.263,25.273],[79.345,25.251],[79.345,25.217],[79.286,25.226],[79.314,25.136],[79.267,25.122],[79.265,25.152],[79.24,25.113],[79.186,25.144],[79.166,25.107],[79.09,25.191],[79.031,25.138],[79.064,25.222],[79.013,25.274],[78.975,25.237],[79.006,25.195],[78.934,25.212],[78.882,25.157],[78.881,25.254],[78.938,25.26],[78.962,25.343],[78.884,25.344],[78.843,25.228],[78.809,25.271],[78.824,25.306],[78.788,25.3],[78.88,25.386],[78.949,25.401],[78.899,25.377],[78.944,25.349],[78.987,25.381],[78.958,25.44],[78.909,25.442],[78.944,25.483],[78.92,25.514],[78.953,25.538],[78.939,25.557],[78.884,25.554],[78.884,25.516],[78.842,25.513],[78.866,25.466],[78.848,25.43],[78.797,25.483],[78.733,25.484],[78.771,25.423],[78.803,25.437],[78.748,25.41],[78.775,25.353],[78.727,25.343],[78.663,25.382],[78.711,25.428],[78.658,25.441],[78.581,25.386],[78.585,25.347],[78.53,25.353],[78.533,25.301],[78.495,25.313],[78.438,25.275],[78.503,25.29],[78.578,25.253],[78.607,25.09],[78.653,25.05],[78.632,24.962],[78.677,24.899],[78.771,24.857],[78.79,24.81],[78.781,24.707],[78.747,24.662],[78.757,24.599],[78.883,24.641],[78.966,24.498],[78.918,24.495],[78.915,24.458],[78.994,24.423],[78.971,24.348],[78.91,24.296],[78.88,24.216],[78.789,24.177],[78.765,24.232],[78.669,24.24],[78.584,24.346],[78.502,24.39],[78.414,24.273],[78.33,24.326],[78.366,24.386],[78.271,24.446],[78.226,24.52],[78.264,24.552],[78.277,24.662],[78.172,24.878],[78.334,24.995],[78.34,25.087],[78.443,25.13],[78.373,25.26],[78.312,25.303],[78.337,25.336],[78.301,25.362],[78.354,25.452],[78.395,25.444],[78.429,25.488],[78.444,25.563],[78.658,25.56],[78.716,25.604],[78.81,25.619],[78.817,25.676],[78.753,25.75],[78.829,25.796],[78.892,25.88],[78.884,25.913],[78.933,25.949],[78.948,26.026],[79.003,26.067],[78.952,26.129],[79.008,26.156],[78.983,26.184],[79.025,26.221],[78.989,26.235],[79.065,26.23],[79.062,26.274],[79.135,26.325],[79.084,26.358],[79.129,26.44],[79.053,26.454],[79.068,26.497],[78.988,26.593],[79.017,26.601],[78.993,26.677],[78.95,26.654],[78.956,26.692],[78.869,26.699],[78.816,26.762],[78.722,26.796],[78.578,26.748],[78.395,26.817],[78.361,26.869],[78.284,26.854],[78.252,26.817],[78.209,26.869],[78.272,26.919],[78.221,26.943],[78.125,26.949],[78.112,26.904],[78.057,26.907],[78.032,26.865],[78.022,26.899],[77.909,26.906],[77.904,26.883],[77.761,26.933],[77.723,26.874],[77.608,26.828],[77.526,26.819],[77.501,26.844],[77.503,26.769],[77.455,26.742],[77.469,26.766],[77.398,26.83],[77.49,26.9],[77.762,27.001],[77.733,27.024],[77.711,26.997],[77.68,27.047],[77.666,27.017],[77.602,27.023],[77.577,27.068],[77.526,27.078],[77.52,27.104],[77.604,27.124],[77.61,27.163],[77.681,27.194],[77.603,27.292],[77.613,27.332],[77.44,27.391],[77.434,27.46],[77.34,27.527],[77.358,27.589],[77.317,27.607],[77.353,27.651],[77.284,27.801],[77.349,27.856],[77.413,27.852],[77.422,27.891],[77.472,27.884],[77.492,27.939],[77.529,27.926],[77.544,27.962],[77.517,27.971],[77.541,27.982],[77.474,28.087],[77.512,28.125],[77.502,28.161],[77.549,28.176],[77.497,28.206],[77.547,28.238],[77.493,28.252],[77.506,28.304],[77.472,28.337],[77.505,28.363],[77.478,28.419],[77.375,28.476],[77.297,28.566],[77.343,28.622],[77.316,28.641],[77.326,28.71],[77.199,28.798],[77.224,28.826],[77.191,28.867],[77.233,28.919],[77.197,28.938],[77.188,29.03],[77.134,29.095],[77.161,29.332],[77.126,29.351],[77.148,29.434],[77.096,29.52],[77.127,29.558],[77.087,29.593],[77.156,29.698],[77.125,29.77],[77.179,29.813],[77.186,29.908],[77.276,29.997],[77.276,30.038],[77.406,30.089],[77.43,30.164],[77.587,30.314],[77.604,30.369],[77.576,30.397],[77.647,30.405],[77.721,30.331],[77.947,30.234],[77.866,30.119],[77.801,30.096],[77.734,29.955],[77.747,29.91],[77.715,29.871],[77.775,29.789],[77.77,29.718],[77.799,29.686],[77.83,29.668],[77.946,29.713],[77.983,29.641],[77.933,29.601],[77.967,29.58],[78.131,29.653],[78.196,29.693],[78.204,29.737],[78.336,29.797],[78.427,29.765],[78.517,29.719],[78.521,29.658],[78.618,29.558],[78.925,29.434],[78.872,29.362],[78.731,29.314],[78.79,29.248],[78.873,29.224],[78.927,29.118],[78.982,29.143],[79.025,29.112],[79.051,29.157],[79.126,29.133],[79.162,29.025],[79.307,28.967],[79.372,28.986],[79.428,28.913],[79.426,28.866],[79.522,28.865],[79.556,28.899],[79.584,28.846],[79.656,28.87],[79.707,28.841],[79.828,28.885],[79.849,28.861],[79.824,28.807],[79.888,28.837],[79.914,28.818],[79.874,28.796],[79.954,28.723],[80.03,28.749],[80.065,28.837]]]]},"properties":{"ST_NM":"Uttar Pradesh"}},{"type":"Feature","geometry":{"type":"MultiPolygon","coordinates":[[[[88.237,21.487],[88.208,21.498],[88.227,21.539],[88.237,21.487]]],[[[88.101,21.97],[88.13,22.017],[88.101,21.97]]],[[[89.599,25.951],[89.58,25.935],[89.599,25.951]]],[[[88.775,21.945],[88.803,21.931],[88.743,21.932],[88.728,21.98],[88.775,21.945]]],[[[88.039,21.578],[87.991,21.516],[88.022,21.594],[88.039,21.578]]],[[[88.519,21.586],[88.528,21.528],[88.486,21.571],[88.519,21.586]]],[[[88.198,21.542],[88.167,21.598],[88.198,21.542]]],[[[87.928,21.689],[87.943,21.72],[87.928,21.689]]],[[[88.487,21.802],[88.46,21.814],[88.483,21.835],[88.487,21.802]]],[[[88.359,21.805],[88.262,21.8],[88.329,21.86],[88.359,21.805]]],[[[87.95,21.592],[87.987,21.666],[87.991,21.628],[87.95,21.592]]],[[[89.007,21.659],[89.005,21.703],[89.007,21.659]]],[[[88.838,21.605],[88.901,21.572],[88.896,21.539],[88.829,21.56],[88.838,21.605]]],[[[88.774,21.633],[88.793,21.583],[88.712,21.579],[88.716,21.631],[88.774,21.633]]],[[[88.585,21.602],[88.549,21.565],[88.514,21.599],[88.519,21.648],[88.585,21.602]]],[[[88.206,21.672],[88.225,21.636],[88.205,21.604],[88.182,21.686],[88.206,21.672]]],[[[88.961,21.642],[88.992,21.626],[88.94,21.641],[88.947,21.662],[88.961,21.642]]],[[[88.605,21.615],[88.559,21.641],[88.572,21.662],[88.605,21.615]]],[[[88.321,21.607],[88.31,21.706],[88.348,21.685],[88.321,21.607]]],[[[88.406,21.733],[88.43,21.625],[88.406,21.606],[88.383,21.649],[88.404,21.72],[88.374,21.73],[88.406,21.733]]],[[[88.542,21.701],[88.566,21.669],[88.546,21.641],[88.521,21.703],[88.542,21.701]]],[[[88.74,21.658],[88.686,21.678],[88.689,21.712],[88.74,21.658]]],[[[88.966,21.741],[89.02,21.599],[88.928,21.716],[88.927,21.764],[88.966,21.741]]],[[[88.92,21.631],[88.867,21.706],[88.88,21.74],[88.937,21.701],[88.92,21.631]]],[[[89.015,21.778],[89.074,21.704],[89.073,21.612],[89.042,21.61],[89.012,21.714],[88.957,21.766],[88.996,21.806],[89.015,21.778]]],[[[88.838,21.766],[88.86,21.763],[88.836,21.619],[88.805,21.635],[88.819,21.706],[88.78,21.718],[88.838,21.766]]],[[[88.45,21.791],[88.471,21.675],[88.439,21.601],[88.418,21.655],[88.45,21.791]]],[[[88.126,21.674],[88.147,21.645],[88.121,21.624],[88.034,21.663],[88.08,21.781],[88.13,21.757],[88.126,21.674]]],[[[88.372,21.718],[88.39,21.704],[88.363,21.687],[88.345,21.758],[88.372,21.718]]],[[[88.555,21.761],[88.605,21.688],[88.591,21.661],[88.509,21.744],[88.553,21.809],[88.555,21.761]]],[[[88.895,21.785],[88.911,21.734],[88.836,21.788],[88.845,21.858],[88.895,21.785]]],[[[88.777,21.869],[88.826,21.861],[88.755,21.707],[88.806,21.698],[88.789,21.654],[88.709,21.695],[88.693,21.741],[88.714,21.902],[88.777,21.869]]],[[[88.821,21.764],[88.786,21.773],[88.82,21.819],[88.821,21.764]]],[[[88.613,21.786],[88.611,21.707],[88.613,21.786]]],[[[88.595,21.723],[88.58,21.752],[88.612,21.741],[88.595,21.723]]],[[[88.302,21.719],[88.299,21.755],[88.302,21.719]]],[[[88.384,21.745],[88.363,21.738],[88.372,21.765],[88.384,21.745]]],[[[88.424,21.798],[88.42,21.727],[88.382,21.782],[88.424,21.798]]],[[[88.354,21.796],[88.368,21.77],[88.324,21.725],[88.301,21.775],[88.354,21.796]]],[[[88.133,21.873],[88.171,21.738],[88.137,21.678],[88.138,21.754],[88.084,21.793],[88.133,21.873]]],[[[88.982,21.896],[89.028,21.832],[88.966,21.78],[88.979,21.821],[88.952,21.846],[88.982,21.896]]],[[[88.094,21.867],[88.092,21.894],[88.094,21.867]]],[[[88.52,21.828],[88.503,21.853],[88.52,21.828]]],[[[88.608,21.798],[88.577,21.815],[88.589,21.849],[88.608,21.798]]],[[[88.632,21.87],[88.641,21.789],[88.598,21.856],[88.619,21.897],[88.632,21.87]]],[[[88.943,21.915],[88.968,21.909],[88.965,21.807],[88.901,21.762],[88.838,21.909],[88.943,21.915]]],[[[88.838,21.878],[88.806,21.878],[88.817,21.901],[88.838,21.878]]],[[[88.638,21.922],[88.667,21.913],[88.652,21.878],[88.638,21.922]]],[[[88.555,21.818],[88.534,21.846],[88.557,21.852],[88.555,21.818]]],[[[88.49,21.848],[88.399,21.807],[88.42,21.901],[88.475,21.89],[88.49,21.848]]],[[[88.737,21.923],[88.809,21.895],[88.767,21.881],[88.717,21.917],[88.737,21.923]]],[[[88.13,21.9],[88.122,21.933],[88.13,21.9]]],[[[88.746,27.142],[88.864,27.11],[88.871,26.964],[88.917,26.998],[88.941,26.931],[88.975,26.913],[89.018,26.937],[89.089,26.889],[89.129,26.807],[89.256,26.808],[89.37,26.857],[89.454,26.798],[89.64,26.777],[89.609,26.728],[89.852,26.697],[89.87,26.614],[89.856,26.385],[89.734,26.293],[89.708,26.154],[89.679,26.219],[89.635,26.223],[89.644,26.183],[89.598,26.132],[89.646,26.063],[89.579,26.026],[89.588,25.98],[89.559,25.965],[89.532,26.004],[89.428,26.012],[89.426,26.044],[89.357,26.008],[89.254,26.065],[89.22,26.127],[89.154,26.141],[89.09,26.392],[88.983,26.421],[88.957,26.459],[88.911,26.37],[88.975,26.351],[88.983,26.31],[89.044,26.277],[89.061,26.291],[89.045,26.241],[88.953,26.242],[88.926,26.284],[88.876,26.287],[88.871,26.234],[88.839,26.232],[88.793,26.31],[88.668,26.26],[88.666,26.292],[88.743,26.347],[88.699,26.331],[88.684,26.403],[88.621,26.469],[88.564,26.455],[88.483,26.539],[88.43,26.546],[88.41,26.631],[88.331,26.486],[88.353,26.451],[88.373,26.489],[88.461,26.467],[88.517,26.352],[88.444,26.361],[88.348,26.282],[88.351,26.222],[88.177,26.148],[88.177,26.021],[88.087,25.917],[88.102,25.828],[88.152,25.776],[88.269,25.808],[88.404,25.671],[88.455,25.663],[88.446,25.615],[88.499,25.584],[88.5,25.55],[88.646,25.479],[88.7,25.471],[88.708,25.5],[88.8,25.524],[88.83,25.49],[88.84,25.363],[89.009,25.294],[88.956,25.254],[88.95,25.18],[88.922,25.166],[88.849,25.209],[88.799,25.17],[88.715,25.207],[88.559,25.175],[88.444,25.198],[88.448,25.041],[88.401,24.951],[88.341,24.942],[88.331,24.872],[88.263,24.892],[88.222,24.96],[88.137,24.936],[88.163,24.851],[88.024,24.688],[88.124,24.517],[88.192,24.475],[88.342,24.438],[88.529,24.314],[88.652,24.3],[88.683,24.324],[88.726,24.296],[88.747,24.148],[88.697,24.119],[88.727,24.103],[88.728,23.998],[88.769,23.983],[88.741,23.984],[88.735,23.915],[88.599,23.869],[88.558,23.65],[88.753,23.478],[88.793,23.502],[88.745,23.308],[88.705,23.309],[88.719,23.255],[88.778,23.221],[88.807,23.219],[88.809,23.253],[88.986,23.203],[88.869,23.1],[88.856,22.962],[88.894,22.953],[88.91,22.88],[88.97,22.844],[88.912,22.758],[88.961,22.698],[88.926,22.65],[88.996,22.472],[88.984,22.331],[89.025,22.298],[88.997,22.284],[89.095,22.149],[89.042,22.092],[89.075,22.028],[89.066,21.942],[89.008,21.903],[88.933,21.943],[88.937,22.055],[88.983,22.084],[88.93,22.063],[88.916,21.991],[88.904,22.064],[88.901,21.931],[88.763,21.955],[88.762,22.029],[88.704,22.08],[88.768,22.147],[88.688,22.07],[88.738,22.014],[88.681,21.945],[88.633,21.955],[88.661,22.057],[88.637,22.113],[88.684,22.207],[88.639,22.218],[88.649,22.248],[88.631,22.215],[88.672,22.207],[88.618,22.107],[88.637,22.044],[88.599,21.982],[88.607,21.918],[88.546,21.905],[88.52,21.856],[88.498,21.875],[88.522,21.944],[88.471,21.901],[88.46,21.929],[88.41,21.905],[88.382,21.795],[88.355,21.868],[88.262,21.817],[88.302,21.586],[88.257,21.557],[88.219,21.609],[88.212,21.783],[88.146,21.959],[88.213,22.038],[88.219,22.103],[88.189,22.182],[88.067,22.21],[88.068,22.256],[88.034,22.219],[87.99,22.225],[88.136,22.185],[88.187,22.105],[88.06,22.018],[88.02,22.072],[88.049,21.997],[87.949,21.824],[87.806,21.709],[87.486,21.61],[87.444,21.768],[87.277,21.805],[87.236,21.957],[87.163,21.969],[87.163,21.94],[87.097,21.914],[87.099,21.866],[87.04,21.867],[87.002,21.913],[87.028,22.038],[86.96,22.088],[86.838,22.098],[86.795,22.157],[86.722,22.147],[86.727,22.217],[86.802,22.218],[86.823,22.266],[86.887,22.258],[86.888,22.297],[86.833,22.324],[86.844,22.402],[86.751,22.456],[86.802,22.502],[86.766,22.576],[86.659,22.576],[86.619,22.679],[86.503,22.717],[86.419,22.791],[86.465,22.895],[86.436,22.923],[86.549,22.978],[86.186,23.005],[86.146,23.075],[86.049,23.106],[86.037,23.147],[85.895,23.155],[85.821,23.27],[85.891,23.397],[85.864,23.432],[85.876,23.481],[86.026,23.486],[86.042,23.586],[86.159,23.559],[86.159,23.468],[86.233,23.462],[86.231,23.43],[86.31,23.412],[86.351,23.442],[86.388,23.574],[86.462,23.63],[86.718,23.699],[86.799,23.688],[86.828,23.753],[86.809,23.819],[86.863,23.845],[86.894,23.826],[86.894,23.877],[87.12,23.798],[87.167,23.825],[87.129,23.869],[87.241,23.826],[87.244,23.903],[87.269,23.874],[87.295,23.901],[87.248,24.045],[87.44,23.982],[87.452,24.016],[87.509,24.032],[87.5,24.116],[87.559,24.081],[87.61,24.133],[87.578,24.155],[87.694,24.149],[87.698,24.187],[87.639,24.214],[87.761,24.308],[87.824,24.458],[87.809,24.547],[87.772,24.584],[87.828,24.558],[87.913,24.597],[87.908,24.722],[87.823,24.77],[87.869,24.775],[87.891,24.855],[87.961,24.923],[87.94,24.991],[87.795,25.09],[87.779,25.251],[87.711,25.258],[87.845,25.263],[87.852,25.295],[87.764,25.386],[87.787,25.449],[87.824,25.437],[87.926,25.539],[88.031,25.491],[88.071,25.516],[88.022,25.596],[88.05,25.702],[87.91,25.781],[87.893,25.836],[87.914,25.852],[87.831,25.871],[87.811,25.928],[87.906,26.074],[87.973,26.076],[87.98,26.144],[88.073,26.175],[88.286,26.332],[88.282,26.375],[88.234,26.392],[88.261,26.42],[88.242,26.457],[88.182,26.508],[88.233,26.571],[88.135,26.523],[88.105,26.551],[88.163,26.646],[88.186,26.774],[88.133,26.982],[88.04,27.035],[87.994,27.105],[88.015,27.212],[88.065,27.213],[88.096,27.133],[88.154,27.11],[88.279,27.131],[88.431,27.079],[88.541,27.182],[88.682,27.177],[88.746,27.142]]]]},"properties":{"ST_NM":"West Bengal"}},{"type":"Feature","geometry":{"type":"Polygon","coordinates":[[[84.765,19.077],[84.355,18.555],[84.148,18.374],[84.126,18.311],[83.611,18.041],[83.42,17.857],[83.411,17.809],[83.216,17.594],[82.594,17.281],[82.32,17.058],[82.248,16.905],[82.267,16.872],[82.356,16.858],[82.363,16.918],[82.325,16.986],[82.36,16.959],[82.361,16.705],[82.317,16.662],[82.313,16.562],[81.72,16.307],[81.503,16.355],[81.316,16.31],[81.214,16.208],[81.148,15.979],[81.005,15.838],[81.008,15.754],[80.936,15.717],[80.816,15.713],[80.791,15.821],[80.811,15.835],[80.686,15.882],[80.49,15.833],[80.282,15.686],[80.209,15.479],[80.111,15.346],[80.047,15.083],[80.099,14.775],[80.196,14.587],[80.127,14.15],[80.255,13.779],[80.234,13.657],[80.268,13.564],[80.242,13.472],[80.078,13.489],[80.081,13.55],[80.0,13.542],[80.047,13.494],[79.972,13.469],[79.931,13.352],[79.739,13.291],[79.795,13.242],[79.76,13.207],[79.733,13.237],[79.703,13.222],[79.683,13.288],[79.574,13.259],[79.54,13.272],[79.537,13.339],[79.436,13.35],[79.388,13.318],[79.436,13.291],[79.418,13.243],[79.454,13.217],[79.432,13.189],[79.392,13.192],[79.356,13.165],[79.365,13.131],[79.31,13.112],[79.277,13.156],[79.227,13.159],[79.234,13.105],[79.163,13.02],[79.081,13.026],[78.982,13.086],[78.924,13.081],[78.892,13.033],[78.881,13.098],[78.714,13.069],[78.705,13.015],[78.656,13.031],[78.621,12.991],[78.653,12.929],[78.557,12.757],[78.555,12.699],[78.504,12.725],[78.472,12.632],[78.379,12.625],[78.276,12.702],[78.211,12.686],[78.252,12.861],[78.312,12.859],[78.36,12.937],[78.468,12.879],[78.412,12.944],[78.435,12.981],[78.467,12.975],[78.462,13.043],[78.514,13.062],[78.517,13.13],[78.577,13.172],[78.587,13.281],[78.527,13.268],[78.387,13.332],[78.408,13.346],[78.369,13.373],[78.402,13.587],[78.244,13.598],[78.203,13.569],[78.204,13.628],[78.134,13.66],[78.099,13.643],[78.066,13.676],[78.121,13.716],[78.092,13.742],[78.126,13.788],[78.115,13.863],[78.049,13.896],[78.046,13.862],[77.992,13.869],[77.956,13.831],[77.988,13.956],[77.927,13.905],[77.896,13.941],[77.827,13.945],[77.837,13.87],[77.732,13.808],[77.715,13.744],[77.651,13.784],[77.621,13.768],[77.642,13.742],[77.559,13.723],[77.541,13.756],[77.528,13.693],[77.485,13.715],[77.492,13.69],[77.455,13.682],[77.461,13.803],[77.362,13.854],[77.257,13.847],[77.248,13.901],[77.181,13.87],[77.185,13.925],[77.169,13.865],[77.132,13.846],[77.165,13.833],[77.173,13.762],[77.065,13.744],[77.024,13.779],[77.016,13.738],[76.997,13.748],[76.978,13.827],[77.042,13.933],[76.935,14.033],[76.973,14.084],[76.89,14.136],[76.895,14.168],[76.948,14.198],[77.026,14.175],[77.032,14.057],[77.132,14.044],[77.141,14.004],[77.322,14.03],[77.361,13.991],[77.354,13.904],[77.405,13.889],[77.438,13.976],[77.332,14.031],[77.398,14.11],[77.357,14.13],[77.394,14.174],[77.504,14.157],[77.517,14.186],[77.498,14.279],[77.456,14.28],[77.412,14.337],[77.379,14.323],[77.418,14.209],[77.393,14.199],[77.364,14.276],[77.289,14.281],[77.287,14.34],[77.246,14.317],[77.139,14.34],[77.115,14.223],[76.94,14.245],[76.925,14.274],[76.957,14.294],[76.885,14.348],[76.885,14.396],[76.948,14.413],[76.975,14.485],[76.868,14.474],[76.765,14.602],[76.803,14.742],[76.783,14.786],[76.851,14.809],[76.87,14.938],[76.867,14.97],[76.767,14.975],[76.786,15.088],[76.878,15.035],[77.05,15.033],[77.044,15.01],[77.082,15.006],[77.169,15.171],[77.125,15.227],[77.168,15.259],[77.152,15.292],[77.045,15.356],[77.032,15.436],[76.977,15.49],[76.975,15.511],[77.029,15.5],[77.03,15.635],[77.083,15.659],[77.121,15.631],[77.129,15.666],[77.049,15.73],[77.063,15.83],[77.025,15.838],[77.07,15.908],[77.249,15.965],[77.804,15.874],[77.89,15.906],[78.009,15.865],[78.045,15.904],[78.084,15.841],[78.134,15.837],[78.175,15.858],[78.187,15.912],[78.25,15.934],[78.262,16.027],[78.307,16.011],[78.408,16.075],[78.552,16.043],[78.627,16.088],[78.736,16.008],[78.786,16.021],[78.837,16.07],[78.835,16.145],[78.877,16.136],[78.89,16.085],[78.922,16.106],[78.911,16.188],[79.009,16.24],[79.215,16.226],[79.215,16.485],[79.262,16.567],[79.419,16.58],[79.46,16.624],[79.635,16.661],[79.773,16.731],[79.886,16.687],[79.908,16.635],[79.965,16.645],[80.055,16.745],[80.073,16.817],[80.004,16.862],[80.055,16.971],[80.187,17.02],[80.284,17.007],[80.322,16.88],[80.379,16.819],[80.408,16.849],[80.385,16.863],[80.464,16.795],[80.57,16.768],[80.605,16.798],[80.563,16.833],[80.602,16.919],[80.534,16.961],[80.493,16.927],[80.371,16.976],[80.407,17.016],[80.387,17.071],[80.419,17.092],[80.465,17.03],[80.514,17.122],[80.58,17.153],[80.671,17.101],[80.65,17.071],[80.699,17.084],[80.845,17.04],[80.879,17.161],[80.924,17.158],[80.919,17.22],[80.998,17.191],[81.171,17.231],[81.19,17.325],[81.274,17.317],[81.323,17.375],[81.313,17.408],[81.148,17.464],[81.124,17.527],[81.099,17.504],[81.015,17.522],[80.969,17.598],[80.855,17.602],[80.866,17.635],[80.911,17.638],[80.886,17.736],[80.929,17.762],[80.976,17.778],[81.058,17.733],[81.096,17.762],[81.086,17.798],[81.168,17.856],[81.393,17.795],[81.396,17.82],[81.479,17.838],[81.489,17.814],[81.619,17.824],[81.662,17.882],[81.696,17.9],[81.71,17.874],[81.808,17.956],[81.963,18.002],[82.007,18.058],[82.075,18.076],[82.265,17.996],[82.271,18.058],[82.342,18.059],[82.339,18.151],[82.371,18.149],[82.309,18.205],[82.343,18.281],[82.391,18.299],[82.391,18.327],[82.338,18.324],[82.383,18.367],[82.363,18.422],[82.472,18.543],[82.532,18.51],[82.558,18.44],[82.541,18.4],[82.605,18.382],[82.59,18.281],[82.637,18.238],[82.655,18.297],[82.769,18.338],[82.801,18.45],[82.895,18.424],[82.902,18.374],[82.938,18.362],[83.053,18.381],[83.075,18.404],[83.019,18.457],[83.087,18.554],[83.044,18.545],[82.999,18.621],[83.137,18.786],[83.217,18.748],[83.404,18.845],[83.413,18.874],[83.325,18.933],[83.309,19.0],[83.399,19.01],[83.46,18.956],[83.465,19.089],[83.536,19.014],[83.547,19.079],[83.583,19.059],[83.6,19.136],[83.632,19.141],[83.723,19.022],[83.753,18.926],[83.786,18.917],[83.746,18.997],[83.793,19.019],[83.895,18.817],[84.036,18.817],[84.092,18.76],[84.224,18.8],[84.319,18.788],[84.351,18.833],[84.337,18.89],[84.36,18.862],[84.416,18.898],[84.448,19.004],[84.476,18.992],[84.495,19.032],[84.567,19.071],[84.592,19.023],[84.652,19.068],[84.661,19.089],[84.627,19.086],[84.601,19.128],[84.668,19.139],[84.669,19.167],[84.709,19.16],[84.696,19.127],[84.765,19.077]],[[82.226,16.759],[82.205,16.717],[82.267,16.695],[82.314,16.73],[82.243,16.722],[82.226,16.759]]]},"properties":{"ST_NM":"Andhra Pradesh"}},{"type":"Feature","geometry":{"type":"MultiPolygon","coordinates":[[[[79.854,10.983],[79.852,10.831],[79.831,10.827],[79.824,10.884],[79.758,10.893],[79.721,10.969],[79.759,10.961],[79.747,11.003],[79.854,10.983]]],[[[75.538,11.763],[75.547,11.716],[75.538,11.763]]],[[[79.617,11.884],[79.657,11.852],[79.617,11.884]]],[[[79.807,11.834],[79.796,11.785],[79.72,11.785],[79.737,11.842],[79.807,11.834]]],[[[79.647,11.844],[79.663,11.813],[79.647,11.844]]],[[[82.226,16.759],[82.243,16.722],[82.314,16.73],[82.267,16.695],[82.205,16.717],[82.226,16.759]]],[[[79.841,11.956],[79.808,11.836],[79.764,11.847],[79.77,11.875],[79.713,11.861],[79.741,11.905],[79.692,11.951],[79.721,11.993],[79.762,12.003],[79.749,11.922],[79.81,11.975],[79.841,11.956]],[[79.781,11.903],[79.785,11.863],[79.781,11.903]]],[[[79.686,11.973],[79.654,11.954],[79.686,11.973]]],[[[79.638,11.986],[79.669,11.918],[79.625,11.903],[79.619,12.001],[79.648,12.02],[79.638,11.986]]],[[[79.693,12.035],[79.718,11.995],[79.657,11.991],[79.693,12.035]]],[[[79.857,12.007],[79.85,12.052],[79.874,12.043],[79.857,12.007]]]]},"properties":{"ST_NM":"Puducherry"}},{"type":"Feature","geometry":{"type":"MultiPolygon","coordinates":[[[[80.66,21.334],[80.68,21.299],[80.643,21.25],[80.464,21.175],[80.426,21.006],[80.464,20.929],[80.535,20.934],[80.556,20.888],[80.552,20.764],[80.588,20.683],[80.481,20.618],[80.504,20.583],[80.601,20.609],[80.623,20.589],[80.591,20.393],[80.626,20.333],[80.517,20.266],[80.398,20.244],[80.422,20.207],[80.402,20.147],[80.506,20.144],[80.557,20.07],[80.524,19.934],[80.452,19.957],[80.411,19.938],[80.408,19.913],[80.494,19.9],[80.506,19.871],[80.405,19.794],[80.49,19.771],[80.481,19.828],[80.547,19.818],[80.553,19.765],[80.676,19.699],[80.67,19.609],[80.837,19.566],[80.857,19.523],[80.896,19.519],[80.898,19.482],[80.813,19.434],[80.853,19.364],[80.76,19.291],[80.69,19.287],[80.683,19.329],[80.613,19.309],[80.563,19.399],[80.438,19.258],[80.394,19.245],[80.394,19.189],[80.328,19.135],[80.329,19.07],[80.274,18.995],[80.274,18.932],[80.354,18.827],[80.25,18.769],[80.273,18.723],[80.112,18.683],[80.019,18.77],[79.921,18.81],[79.962,18.867],[79.938,19.041],[79.87,19.042],[79.859,19.108],[79.945,19.167],[79.924,19.215],[79.975,19.411],[79.944,19.471],[79.779,19.6],[79.632,19.575],[79.6,19.51],[79.54,19.555],[79.501,19.507],[79.251,19.616],[79.207,19.506],[79.222,19.468],[79.19,19.459],[79.096,19.533],[78.952,19.549],[78.955,19.656],[78.852,19.659],[78.841,19.762],[78.719,19.767],[78.553,19.824],[78.485,19.796],[78.307,19.914],[78.285,19.857],[78.336,19.838],[78.365,19.781],[78.343,19.713],[78.263,19.665],[78.304,19.608],[78.304,19.456],[78.192,19.407],[78.175,19.238],[78.056,19.237],[77.944,19.343],[77.863,19.304],[77.903,19.256],[77.871,19.254],[77.848,19.19],[77.849,19.086],[77.817,19.106],[77.8,19.051],[77.765,19.063],[77.772,18.979],[77.859,18.949],[77.843,18.909],[77.884,18.905],[77.948,18.829],[77.84,18.805],[77.79,18.695],[77.76,18.707],[77.73,18.667],[77.739,18.557],[77.596,18.549],[77.584,18.445],[77.529,18.443],[77.557,18.419],[77.52,18.358],[77.571,18.308],[77.509,18.304],[77.465,18.263],[77.428,18.312],[77.366,18.307],[77.414,18.393],[77.327,18.452],[77.242,18.413],[77.209,18.288],[77.175,18.285],[77.14,18.208],[77.098,18.193],[77.113,18.157],[76.952,18.188],[76.921,18.118],[76.966,18.098],[76.952,18.04],[76.906,18.01],[76.919,17.916],[76.808,17.871],[76.741,17.895],[76.783,17.807],[76.721,17.788],[76.728,17.737],[76.691,17.684],[76.612,17.77],[76.587,17.707],[76.563,17.765],[76.531,17.758],[76.524,17.715],[76.487,17.715],[76.487,17.658],[76.429,17.645],[76.42,17.604],[76.332,17.596],[76.368,17.483],[76.331,17.47],[76.333,17.434],[76.372,17.436],[76.363,17.378],[76.409,17.371],[76.383,17.315],[76.354,17.314],[76.345,17.354],[76.276,17.335],[76.244,17.379],[76.17,17.352],[76.165,17.303],[76.163,17.345],[76.12,17.37],[76.087,17.336],[76.01,17.352],[75.934,17.323],[75.89,17.361],[75.894,17.401],[75.857,17.387],[75.822,17.421],[75.804,17.368],[75.731,17.42],[75.691,17.409],[75.633,17.477],[75.609,17.394],[75.574,17.383],[75.604,17.306],[75.654,17.274],[75.662,17.215],[75.628,17.163],[75.672,17.116],[75.677,17.065],[75.641,17.038],[75.67,17.038],[75.675,16.966],[75.646,16.954],[75.567,17.009],[75.563,16.968],[75.489,16.944],[75.466,16.988],[75.28,16.957],[75.282,16.88],[75.228,16.843],[75.137,16.874],[75.089,16.952],[74.938,16.944],[74.961,16.881],[74.902,16.863],[74.92,16.773],[74.691,16.716],[74.657,16.643],[74.689,16.617],[74.636,16.584],[74.569,16.554],[74.545,16.635],[74.455,16.647],[74.464,16.604],[74.397,16.583],[74.379,16.528],[74.318,16.554],[74.306,16.504],[74.264,16.54],[74.261,16.48],[74.291,16.505],[74.335,16.401],[74.363,16.398],[74.319,16.372],[74.321,16.284],[74.416,16.28],[74.503,16.225],[74.482,16.089],[74.429,16.112],[74.365,16.058],[74.463,16.04],[74.387,15.905],[74.398,15.851],[74.38,15.876],[74.346,15.862],[74.383,15.849],[74.359,15.776],[74.286,15.742],[74.209,15.781],[74.126,15.724],[74.118,15.652],[74.021,15.606],[73.961,15.641],[73.939,15.743],[73.878,15.749],[73.856,15.801],[73.785,15.725],[73.665,15.74],[73.587,15.911],[73.51,15.942],[73.49,15.988],[73.394,16.355],[73.319,16.519],[73.32,16.608],[73.352,16.623],[73.306,16.73],[73.296,16.984],[73.257,17.022],[73.289,17.074],[73.199,17.305],[73.249,17.296],[73.168,17.404],[73.194,17.465],[73.14,17.567],[73.177,17.583],[73.127,17.638],[73.131,17.73],[72.99,18.056],[72.976,18.201],[72.935,18.227],[72.937,18.275],[72.964,18.28],[72.975,18.24],[73.069,18.209],[73.051,18.182],[73.095,18.141],[73.051,18.299],[73.09,18.289],[73.043,18.311],[73.053,18.272],[73.028,18.265],[72.911,18.366],[72.896,18.468],[72.931,18.537],[72.866,18.652],[72.864,18.805],[72.805,18.899],[72.834,19.026],[72.782,19.159],[72.8,19.33],[72.758,19.376],[72.768,19.508],[72.716,19.573],[72.782,19.602],[72.714,19.646],[72.691,19.796],[72.655,19.835],[72.688,19.873],[72.664,19.931],[72.69,19.959],[72.775,19.901],[72.772,19.968],[72.729,19.98],[72.708,20.071],[72.737,20.135],[72.817,20.156],[72.859,20.225],[72.962,20.209],[72.96,20.134],[73.04,20.067],[73.056,20.099],[73.171,20.052],[73.211,20.12],[73.278,20.149],[73.302,20.21],[73.417,20.198],[73.414,20.352],[73.38,20.394],[73.493,20.536],[73.394,20.641],[73.445,20.71],[73.467,20.722],[73.489,20.656],[73.531,20.674],[73.6,20.637],[73.67,20.563],[73.838,20.621],[73.812,20.692],[73.942,20.742],[73.926,20.888],[73.888,20.935],[73.901,20.982],[73.795,21.044],[73.808,21.085],[73.78,21.064],[73.618,21.118],[73.577,21.168],[73.717,21.141],[73.816,21.174],[73.823,21.265],[73.943,21.3],[73.952,21.395],[74.044,21.419],[74.07,21.472],[74.188,21.458],[74.304,21.488],[74.33,21.553],[74.295,21.569],[74.2,21.532],[74.158,21.569],[73.852,21.498],[73.781,21.619],[73.885,21.654],[73.892,21.692],[73.824,21.765],[73.808,21.838],[74.147,21.953],[74.281,21.933],[74.432,22.03],[74.453,21.962],[74.524,21.912],[74.508,21.727],[74.582,21.665],[74.784,21.611],[74.902,21.629],[75.052,21.566],[75.126,21.449],[75.316,21.388],[75.963,21.39],[76.048,21.349],[76.096,21.371],[76.165,21.221],[76.165,21.169],[76.11,21.161],[76.167,21.079],[76.279,21.07],[76.456,21.108],[76.493,21.194],[76.623,21.185],[76.663,21.28],[76.621,21.332],[76.786,21.465],[76.763,21.521],[76.799,21.595],[76.897,21.596],[77.07,21.717],[77.176,21.726],[77.21,21.69],[77.291,21.733],[77.281,21.759],[77.479,21.77],[77.542,21.706],[77.583,21.554],[77.612,21.539],[77.426,21.538],[77.492,21.374],[77.531,21.419],[77.587,21.363],[77.603,21.39],[77.737,21.362],[77.801,21.409],[77.902,21.377],[78.176,21.499],[78.182,21.557],[78.274,21.57],[78.264,21.591],[78.356,21.573],[78.373,21.613],[78.417,21.601],[78.457,21.496],[78.505,21.527],[78.728,21.462],[78.751,21.493],[78.937,21.486],[78.917,21.591],[78.998,21.619],[79.103,21.601],[79.163,21.659],[79.224,21.649],[79.221,21.694],[79.268,21.715],[79.352,21.679],[79.496,21.674],[79.54,21.543],[79.653,21.556],[79.733,21.603],[79.863,21.531],[79.971,21.558],[80.001,21.534],[80.193,21.635],[80.254,21.625],[80.376,21.523],[80.418,21.448],[80.413,21.376],[80.498,21.397],[80.621,21.32],[80.66,21.334]]],[[[72.967,20.3],[72.977,20.331],[72.967,20.3]]]]},"properties":{"ST_NM":"Maharashtra"}}]}